,Date,Last Close Price,Open,High,Low,Volume,Percentage Changes,Events
0,"Feb 12, 2020",213.05,213.40,214.80,211.80,9.93M,0.21%,
1,"Feb 11, 2020",212.60,216.50,216.95,211.80,29.80M,0.97%,
2,"Feb 10, 2020",210.55,214.00,214.05,210.05,9.62M,-1.34%,
3,"Feb 07, 2020",213.40,213.80,215.70,212.75,17.13M,-0.07%,
4,"Feb 06, 2020",213.55,218.00,219.90,211.80,27.39M,-1.34%,
5,"Feb 05, 2020",216.45,216.30,217.50,211.50,21.25M,0.37%,
6,"Feb 04, 2020",215.65,210.80,217.60,209.15,35.77M,3.88%,
7,"Feb 03, 2020",207.60,215.00,216.90,205.00,79.76M,-5.21%,
8,"Feb 01, 2020",219.00,236.60,239.10,215.65,42.27M,-6.87%,
9,"Jan 31, 2020",235.15,235.75,238.40,234.05,18.46M,0.47%,E
10,"Jan 30, 2020",234.05,236.95,237.00,233.00,10.39M,-1.10%,
11,"Jan 29, 2020",236.65,231.50,237.65,231.15,20.47M,2.56%,
12,"Jan 28, 2020",230.75,234.75,235.90,230.50,14.58M,-1.64%,
13,"Jan 27, 2020",234.60,237.00,237.40,234.30,6.84M,-1.49%,
14,"Jan 24, 2020",238.15,237.40,239.10,237.00,6.80M,0.11%,
15,"Jan 23, 2020",237.90,238.10,238.75,236.90,6.12M,-0.06%,
16,"Jan 22, 2020",238.05,239.60,239.60,237.10,7.65M,-0.17%,
17,"Jan 21, 2020",238.45,241.45,241.45,238.00,9.57M,-1.43%,
18,"Jan 20, 2020",241.90,240.05,243.25,240.05,8.02M,0.81%,
19,"Jan 17, 2020",239.95,240.75,242.10,239.40,7.39M,-0.33%,
20,"Jan 16, 2020",240.75,242.50,243.90,240.10,9.37M,-0.68%,
21,"Jan 15, 2020",242.40,242.55,243.00,241.10,5.48M,-0.35%,
22,"Jan 14, 2020",243.25,240.25,243.80,238.30,11.84M,1.67%,
23,"Jan 13, 2020",239.25,238.50,240.50,238.25,12.24M,0.53%,
24,"Jan 10, 2020",238.00,237.60,238.75,236.80,9.97M,0.93%,
25,"Jan 09, 2020",235.80,235.60,236.60,235.05,9.45M,0.68%,
26,"Jan 08, 2020",234.20,234.00,235.80,233.25,7.04M,-0.49%,
27,"Jan 07, 2020",235.35,236.05,237.90,234.60,8.42M,0.11%,
28,"Jan 06, 2020",235.10,237.50,238.30,235.00,7.64M,-1.43%,
29,"Jan 03, 2020",238.50,241.00,241.00,238.00,9.28M,-0.56%,
30,"Jan 02, 2020",239.85,238.20,240.95,238.10,8.40M,0.73%,
31,"Jan 01, 2020",238.10,238.60,238.60,237.10,4.21M,0.17%,
32,"Dec 31, 2019",237.70,238.55,238.95,237.40,7.14M,-0.21%,
33,"Dec 30, 2019",238.20,238.00,240.90,237.50,13.17M,0.55%,
34,"Dec 27, 2019",236.90,237.50,238.45,236.45,8.71M,0.04%,
35,"Dec 26, 2019",236.80,238.90,239.40,236.35,14.46M,-0.82%,
36,"Dec 24, 2019",238.75,239.00,240.20,238.20,7.90M,-0.06%,
37,"Dec 23, 2019",238.90,242.00,242.80,238.65,19.08M,-0.93%,
38,"Dec 20, 2019",241.15,244.35,245.10,240.15,13.96M,-1.31%,
39,"Dec 19, 2019",244.35,246.05,247.90,243.25,9.34M,-0.33%,
40,"Dec 18, 2019",245.15,240.60,247.35,239.75,17.13M,1.70%,
41,"Dec 17, 2019",241.05,237.50,241.70,237.50,15.92M,1.75%,
42,"Dec 16, 2019",236.90,243.00,243.40,236.35,12.01M,-1.95%,
43,"Dec 13, 2019",241.60,240.00,242.50,239.20,8.21M,1.28%,
44,"Dec 12, 2019",238.55,238.05,240.20,237.60,10.31M,0.40%,
45,"Dec 11, 2019",237.60,235.60,238.80,235.60,13.80M,0.85%,
46,"Dec 10, 2019",235.60,241.60,241.70,235.00,15.38M,-2.42%,
47,"Dec 09, 2019",241.45,243.00,243.30,241.00,6.72M,-0.78%,
48,"Dec 06, 2019",243.35,247.00,247.15,242.50,10.37M,-1.46%,
49,"Dec 05, 2019",246.95,243.15,247.50,243.10,11.27M,1.56%,
50,"Dec 04, 2019",243.15,243.50,244.05,242.00,11.95M,-0.37%,
51,"Dec 03, 2019",244.05,244.95,245.80,242.65,8.13M,-0.37%,
52,"Dec 02, 2019",244.95,246.00,246.90,244.55,9.97M,-0.59%,
53,"Nov 29, 2019",246.40,246.75,247.40,245.00,9.81M,-0.12%,
54,"Nov 28, 2019",246.70,247.30,247.95,245.65,10.99M,-0.10%,
55,"Nov 27, 2019",246.95,249.75,250.05,246.60,8.84M,-0.88%,
56,"Nov 26, 2019",249.15,248.65,250.40,247.70,19.78M,0.57%,
57,"Nov 25, 2019",247.75,247.75,248.40,246.25,10.59M,0.04%,
58,"Nov 22, 2019",247.65,247.15,252.65,246.65,16.37M,0.79%,
59,"Nov 21, 2019",245.70,251.40,251.40,245.05,10.39M,-1.99%,
60,"Nov 20, 2019",250.70,249.30,251.30,246.70,9.98M,0.56%,
61,"Nov 19, 2019",249.30,251.75,251.80,248.80,12.15M,-0.58%,
62,"Nov 18, 2019",250.75,251.45,252.25,248.75,7.86M,0.04%,
63,"Nov 15, 2019",250.65,254.25,255.75,250.00,16.74M,-1.28%,
64,"Nov 14, 2019",253.90,254.10,255.90,253.25,8.88M,0.02%,
65,"Nov 13, 2019",253.85,258.90,259.25,253.15,10.27M,-2.16%,
66,"Nov 11, 2019",259.45,260.60,262.35,258.80,7.25M,-0.40%,
67,"Nov 08, 2019",260.50,264.85,265.45,260.00,11.90M,-2.01%,
68,"Nov 07, 2019",265.85,262.90,266.30,262.00,14.78M,1.72%,
69,"Nov 06, 2019",261.35,262.95,263.80,260.00,8.86M,-0.59%,
70,"Nov 05, 2019",262.90,261.00,264.00,258.60,10.28M,0.82%,
71,"Nov 04, 2019",260.75,262.95,264.95,260.05,7.90M,-0.21%,
72,"Nov 01, 2019",261.30,259.35,263.00,258.75,12.57M,1.42%,
73,"Oct 31, 2019",257.65,260.00,262.85,256.20,16.65M,-0.67%,
74,"Oct 30, 2019",259.40,256.00,264.00,254.30,34.29M,2.43%,
75,"Oct 29, 2019",253.25,250.95,255.10,249.55,11.94M,1.14%,
76,"Oct 27, 2019",250.40,250.40,250.40,250.40,0,1.09%,
77,"Oct 25, 2019",247.70,256.90,257.20,247.00,32.59M,-0.54%,
78,"Oct 24, 2019",249.05,252.60,254.00,247.95,16.79M,-0.80%,E
79,"Oct 23, 2019",251.05,250.40,251.95,249.05,12.83M,0.86%,
80,"Oct 22, 2019",248.90,245.00,251.10,244.95,18.28M,0.97%,
81,"Oct 18, 2019",246.50,246.00,247.80,245.10,12.83M,0.26%,
82,"Oct 17, 2019",245.85,244.00,246.70,243.85,13.65M,0.90%,
83,"Oct 16, 2019",243.65,247.40,247.60,242.15,16.06M,-1.60%,
84,"Oct 15, 2019",247.60,245.05,249.20,245.05,9.99M,1.43%,
85,"Oct 14, 2019",244.10,245.45,246.40,243.00,14.71M,0.06%,
86,"Oct 11, 2019",243.95,243.20,246.20,241.10,25.07M,0.31%,
87,"Oct 10, 2019",243.20,247.00,247.65,242.65,24.29M,-1.58%,
88,"Oct 09, 2019",247.10,251.30,252.20,246.30,21.50M,-1.91%,
89,"Oct 07, 2019",251.90,257.50,258.00,250.70,21.26M,-2.08%,
90,"Oct 04, 2019",257.25,263.00,263.90,255.20,18.09M,-1.68%,
91,"Oct 03, 2019",261.65,257.70,262.15,256.05,12.36M,2.25%,
92,"Oct 01, 2019",255.90,259.10,262.45,255.00,15.44M,-1.52%,
93,"Sep 30, 2019",259.85,254.75,260.80,249.40,20.59M,2.73%,
94,"Sep 27, 2019",252.95,250.00,258.00,250.00,17.54M,1.02%,
95,"Sep 26, 2019",250.40,247.30,251.40,246.25,17.85M,1.15%,
96,"Sep 25, 2019",247.55,255.10,256.25,242.70,20.60M,-3.30%,
97,"Sep 24, 2019",256.00,255.00,258.00,253.80,17.17M,0.45%,
98,"Sep 23, 2019",254.85,250.00,260.50,249.90,52.04M,7.06%,
99,"Sep 20, 2019",238.05,237.00,248.50,234.30,63.57M,0.57%,
100,"Sep 19, 2019",236.70,239.95,239.95,236.10,8.48M,-1.07%,
101,"Sep 18, 2019",239.25,237.70,242.30,234.05,19.96M,0.86%,
102,"Sep 17, 2019",237.20,239.80,240.10,236.80,10.67M,-0.92%,
103,"Sep 16, 2019",239.40,239.50,240.85,238.30,7.08M,-0.21%,
104,"Sep 13, 2019",239.90,241.00,242.45,238.60,14.03M,-0.35%,
105,"Sep 12, 2019",240.75,244.30,245.00,240.00,8.08M,-1.23%,
106,"Sep 11, 2019",243.75,244.60,245.45,243.00,8.97M,-0.71%,
107,"Sep 09, 2019",245.50,244.65,246.50,243.20,9.09M,0.66%,
108,"Sep 06, 2019",243.90,244.30,245.85,243.25,8.70M,-0.14%,
109,"Sep 05, 2019",244.25,242.00,246.90,242.00,8.45M,0.41%,
110,"Sep 04, 2019",243.25,241.60,244.55,241.30,7.03M,0.70%,
111,"Sep 03, 2019",241.55,244.45,244.45,240.65,9.55M,-1.67%,
112,"Aug 30, 2019",245.65,242.75,247.20,239.05,11.77M,1.84%,
113,"Aug 29, 2019",241.20,243.95,245.45,240.15,11.11M,-1.93%,
114,"Aug 28, 2019",245.95,246.15,247.65,243.10,8.89M,0.18%,
115,"Aug 27, 2019",245.50,243.95,246.30,242.70,14.53M,1.24%,
116,"Aug 26, 2019",242.50,240.70,243.45,234.95,12.86M,2.71%,
117,"Aug 23, 2019",236.10,239.00,239.45,234.65,16.44M,-1.65%,
118,"Aug 22, 2019",240.05,242.20,246.00,239.00,10.51M,-0.58%,
119,"Aug 21, 2019",241.45,246.70,246.90,240.85,14.74M,-2.05%,
120,"Aug 20, 2019",246.50,251.60,251.95,245.45,15.00M,-2.01%,
121,"Aug 19, 2019",251.55,253.50,257.30,250.95,12.52M,-0.57%,
122,"Aug 16, 2019",253.00,248.75,253.40,247.40,10.34M,1.71%,
123,"Aug 14, 2019",248.75,246.30,253.60,244.05,13.81M,0.99%,
124,"Aug 13, 2019",246.30,253.80,254.00,244.00,20.99M,-3.11%,
125,"Aug 09, 2019",254.20,258.85,258.85,253.50,9.93M,-1.38%,
126,"Aug 08, 2019",257.75,255.00,258.70,253.00,6.37M,1.62%,
127,"Aug 07, 2019",253.65,259.05,259.35,253.10,8.49M,-2.03%,
128,"Aug 06, 2019",258.90,258.75,261.50,258.15,9.41M,-0.35%,
129,"Aug 05, 2019",259.80,264.40,264.50,257.65,11.56M,-1.78%,
130,"Aug 02, 2019",264.50,267.20,267.20,263.10,8.89M,-1.14%,E
131,"Aug 01, 2019",267.55,270.45,270.70,266.50,5.93M,-0.98%,
132,"Jul 31, 2019",270.20,268.60,271.10,266.00,13.65M,0.48%,
133,"Jul 30, 2019",268.90,268.00,270.10,266.55,13.23M,0.43%,
134,"Jul 29, 2019",267.75,270.00,271.15,266.50,5.53M,-0.98%,
135,"Jul 26, 2019",270.40,268.75,271.00,266.90,4.79M,0.95%,
136,"Jul 25, 2019",267.85,271.00,272.50,266.90,17.67M,-1.11%,
137,"Jul 24, 2019",270.85,270.30,273.35,267.90,12.07M,0.07%,
138,"Jul 23, 2019",270.65,265.50,271.70,265.00,14.40M,2.36%,
139,"Jul 22, 2019",264.40,268.00,268.20,264.00,13.52M,-1.45%,
140,"Jul 19, 2019",268.30,274.10,274.25,268.00,7.99M,-1.72%,
141,"Jul 18, 2019",273.00,272.95,275.10,272.30,9.10M,0.04%,
142,"Jul 17, 2019",272.90,272.45,273.15,270.70,6.29M,0.35%,
143,"Jul 16, 2019",271.95,271.00,272.75,270.60,6.36M,0.37%,
144,"Jul 15, 2019",270.95,275.00,275.60,270.55,8.54M,-1.49%,
145,"Jul 12, 2019",275.05,275.40,276.45,273.10,10.47M,-0.22%,
146,"Jul 11, 2019",275.65,274.00,276.90,273.60,8.40M,0.92%,
147,"Jul 10, 2019",273.15,273.55,275.25,270.75,8.16M,0.02%,
148,"Jul 09, 2019",273.10,276.95,277.55,272.15,7.71M,-1.57%,
149,"Jul 08, 2019",277.45,280.15,282.90,275.80,12.17M,-0.72%,
150,"Jul 05, 2019",279.45,277.65,281.85,268.00,37.05M,0.65%,
151,"Jul 04, 2019",277.65,277.45,278.25,275.20,9.70M,0.34%,
152,"Jul 03, 2019",276.70,274.30,277.55,272.15,18.12M,1.04%,
153,"Jul 02, 2019",273.85,275.35,275.65,273.20,9.98M,-0.40%,
154,"Jul 01, 2019",274.95,274.40,276.25,274.15,5.04M,0.40%,
155,"Jun 28, 2019",273.85,274.10,275.45,272.50,8.45M,0.13%,
156,"Jun 27, 2019",273.50,277.95,278.20,272.80,23.31M,-1.41%,
157,"Jun 26, 2019",277.40,278.45,278.70,276.35,7.42M,-0.39%,
158,"Jun 25, 2019",278.50,275.05,280.00,274.25,12.38M,0.81%,
159,"Jun 24, 2019",276.25,274.25,277.50,274.25,8.94M,0.73%,
160,"Jun 21, 2019",274.25,276.65,276.65,273.25,18.60M,-0.99%,
161,"Jun 20, 2019",277.00,277.00,277.95,275.35,10.57M,-0.07%,
162,"Jun 19, 2019",277.20,275.70,278.90,275.60,9.05M,0.76%,
163,"Jun 18, 2019",275.10,276.15,277.85,274.00,13.85M,0.04%,
164,"Jun 17, 2019",275.00,278.85,278.85,274.45,10.01M,-1.10%,
165,"Jun 14, 2019",278.05,280.50,280.50,277.15,7.91M,-0.91%,
166,"Jun 13, 2019",280.60,278.90,281.35,278.55,7.20M,0.23%,
167,"Jun 12, 2019",279.95,281.40,281.40,278.25,8.25M,0.04%,
168,"Jun 11, 2019",279.85,280.90,281.40,279.20,8.46M,0.16%,
169,"Jun 10, 2019",279.40,278.30,280.55,276.90,8.62M,1.51%,
170,"Jun 07, 2019",275.25,276.80,276.80,274.20,7.70M,-0.18%,
171,"Jun 06, 2019",275.75,280.40,280.40,275.30,10.66M,-1.25%,
172,"Jun 04, 2019",279.25,279.25,282.15,278.80,13.85M,0.25%,
173,"Jun 03, 2019",278.55,281.40,281.50,275.30,19.57M,0.00%,
174,"May 31, 2019",278.55,289.35,291.50,277.45,26.28M,-3.50%,
175,"May 30, 2019",288.65,289.00,291.05,288.30,8.66M,0.19%,
176,"May 29, 2019",288.10,288.80,291.70,287.60,7.26M,-0.28%,
177,"May 28, 2019",288.90,291.80,292.00,288.10,15.60M,-0.67%,
178,"May 27, 2019",290.85,291.25,293.55,289.05,9.02M,0.14%,
179,"May 24, 2019",290.45,291.50,291.65,287.30,10.88M,0.78%,
180,"May 23, 2019",288.20,305.00,305.60,287.00,31.38M,-3.85%,
181,"May 22, 2019",299.75,302.15,302.80,296.80,13.74M,-2.01%,D
182,"May 21, 2019",305.90,307.00,310.00,305.30,10.52M,-0.36%,
183,"May 20, 2019",307.00,306.85,307.55,302.10,11.01M,1.86%,
184,"May 17, 2019",301.40,295.10,302.35,295.10,11.19M,2.26%,
185,"May 16, 2019",294.75,297.00,297.00,293.25,7.35M,-0.77%,
186,"May 15, 2019",297.05,297.55,299.30,292.00,17.89M,0.92%,
187,"May 14, 2019",294.35,291.00,298.25,288.85,21.15M,1.75%,
188,"May 13, 2019",289.30,295.10,303.50,287.70,35.88M,-2.84%,E
189,"May 10, 2019",297.75,300.00,300.45,296.90,6.90M,-0.70%,
190,"May 09, 2019",299.85,299.40,301.30,296.35,10.22M,-0.27%,
191,"May 08, 2019",300.65,300.00,303.40,298.65,7.88M,-0.41%,
192,"May 07, 2019",301.90,308.25,309.50,300.85,8.66M,-1.66%,
193,"May 06, 2019",307.00,304.00,307.50,300.75,6.74M,0.90%,
194,"May 03, 2019",304.25,304.25,307.45,303.30,5.89M,-0.25%,
195,"May 02, 2019",305.00,301.10,306.50,300.60,7.49M,1.21%,
196,"Apr 30, 2019",301.35,304.55,307.55,299.50,11.16M,-1.05%,
197,"Apr 26, 2019",304.55,304.60,306.40,302.55,4.65M,0.13%,
198,"Apr 25, 2019",304.15,307.25,309.80,302.00,23.24M,-0.75%,
199,"Apr 24, 2019",306.45,303.40,307.20,298.50,11.45M,1.01%,
200,"Apr 23, 2019",303.40,302.15,304.80,301.55,7.50M,0.53%,
201,"Apr 22, 2019",301.80,303.85,305.50,301.05,6.67M,-0.85%,
202,"Apr 18, 2019",304.40,308.25,308.25,303.55,8.84M,-0.91%,
203,"Apr 16, 2019",307.20,306.80,309.95,306.15,9.75M,0.56%,
204,"Apr 15, 2019",305.50,307.90,310.00,304.35,12.61M,-0.08%,
205,"Apr 12, 2019",305.75,296.65,307.40,295.60,21.82M,3.15%,
206,"Apr 11, 2019",296.40,294.55,297.45,293.00,10.76M,0.58%,
207,"Apr 10, 2019",294.70,296.05,296.55,293.50,5.33M,-0.54%,
208,"Apr 09, 2019",296.30,292.50,296.70,292.25,6.18M,1.21%,
209,"Apr 08, 2019",292.75,294.65,295.00,291.70,5.29M,-0.61%,
210,"Apr 05, 2019",294.55,295.05,296.40,292.65,7.81M,-0.08%,
211,"Apr 04, 2019",294.80,296.00,297.30,293.75,6.97M,-0.46%,
212,"Apr 03, 2019",296.15,298.00,299.00,295.15,9.06M,-0.59%,
213,"Apr 02, 2019",297.90,297.40,300.00,294.65,9.85M,0.22%,
214,"Apr 01, 2019",297.25,297.00,299.20,296.55,6.20M,0.00%,
215,"Mar 29, 2019",297.25,302.00,303.00,295.45,11.91M,-0.92%,
216,"Mar 28, 2019",300.00,294.10,302.00,293.00,17.75M,2.35%,
217,"Mar 27, 2019",293.10,294.00,296.70,291.60,8.43M,-0.10%,
218,"Mar 26, 2019",293.40,295.00,296.35,291.05,10.76M,-0.56%,
219,"Mar 25, 2019",295.05,297.00,297.00,293.20,8.02M,-1.06%,
220,"Mar 22, 2019",298.20,300.00,300.00,296.55,8.07M,-0.23%,
221,"Mar 20, 2019",298.90,300.00,301.95,296.60,15.62M,-0.18%,
222,"Mar 19, 2019",299.45,294.60,300.00,293.35,15.76M,1.94%,
223,"Mar 18, 2019",293.75,292.00,294.20,291.30,9.17M,1.01%,
224,"Mar 15, 2019",290.80,295.95,296.55,289.35,21.40M,-1.59%,
225,"Mar 14, 2019",295.50,295.40,296.00,290.45,10.11M,0.20%,
226,"Mar 13, 2019",294.90,295.00,297.00,294.15,11.07M,0.14%,
227,"Mar 12, 2019",294.50,294.00,295.65,293.15,14.14M,0.53%,
228,"Mar 11, 2019",292.95,293.00,294.90,291.10,14.72M,0.33%,
229,"Mar 08, 2019",292.00,290.30,293.00,288.40,12.68M,0.65%,
230,"Mar 07, 2019",290.10,286.70,291.00,285.85,14.29M,1.52%,
231,"Mar 06, 2019",285.75,285.00,289.20,284.75,20.05M,1.13%,
232,"Mar 05, 2019",282.55,280.00,284.00,276.05,13.58M,1.56%,
233,"Mar 01, 2019",278.20,276.45,279.00,276.25,8.83M,0.78%,
234,"Feb 28, 2019",276.05,277.30,277.30,274.25,43.21M,0.35%,
235,"Feb 27, 2019",275.10,276.00,278.90,273.90,13.13M,-0.15%,
236,"Feb 26, 2019",275.50,274.95,277.00,274.05,11.78M,-0.43%,
237,"Feb 25, 2019",276.70,274.50,277.15,273.00,30.05M,0.87%,
238,"Feb 22, 2019",274.30,275.60,275.95,273.10,8.76M,-0.27%,
239,"Feb 21, 2019",275.05,275.90,276.75,274.20,7.00M,-0.29%,
240,"Feb 20, 2019",275.85,277.25,277.50,274.25,5.98M,-0.02%,
241,"Feb 19, 2019",275.90,274.00,279.20,274.00,34.45M,0.44%,
242,"Feb 18, 2019",274.70,278.80,282.45,273.90,40.67M,-1.93%,
243,"Feb 15, 2019",280.10,279.00,280.95,275.40,37.55M,0.79%,
244,"Feb 14, 2019",277.90,277.00,280.20,277.00,9.99M,0.38%,
245,"Feb 13, 2019",276.85,280.05,283.90,275.20,15.34M,0.56%,
246,"Feb 12, 2019",275.30,277.05,280.50,274.60,7.34M,-0.65%,
247,"Feb 11, 2019",277.10,275.80,278.20,268.45,9.95M,0.58%,
248,"Feb 08, 2019",275.50,279.50,281.20,274.60,4.41M,-1.71%,
249,"Feb 07, 2019",280.30,277.90,281.00,277.00,5.95M,0.94%,
250,"Feb 06, 2019",277.70,275.00,278.40,274.55,8.10M,1.29%,
251,"Feb 05, 2019",274.15,277.35,277.80,272.50,9.83M,-1.06%,
252,"Feb 04, 2019",277.10,281.90,281.90,276.05,6.06M,-1.34%,
253,"Feb 01, 2019",280.85,280.65,285.20,279.10,18.35M,0.79%,
254,"Jan 31, 2019",278.65,276.50,279.60,273.60,15.35M,1.14%,
255,"Jan 30, 2019",275.50,280.10,280.20,274.20,10.45M,-1.06%,
256,"Jan 29, 2019",278.45,275.30,279.00,274.75,7.00M,1.35%,
257,"Jan 28, 2019",274.75,278.90,279.45,274.20,8.99M,-1.59%,
258,"Jan 25, 2019",279.20,280.00,282.70,278.50,8.90M,0.11%,
259,"Jan 24, 2019",278.90,279.30,283.35,277.85,28.03M,0.58%,
260,"Jan 23, 2019",277.30,291.50,294.40,275.00,40.19M,-4.30%,E
261,"Jan 22, 2019",289.75,289.85,291.00,285.15,10.33M,-0.05%,
262,"Jan 21, 2019",289.90,292.85,293.20,288.70,8.20M,-0.53%,
263,"Jan 18, 2019",291.45,293.25,295.10,290.65,10.99M,-0.85%,
264,"Jan 17, 2019",293.95,294.10,295.60,290.15,10.60M,-0.03%,
265,"Jan 16, 2019",294.05,296.00,296.55,291.70,7.78M,-0.84%,
266,"Jan 15, 2019",296.55,295.25,297.40,294.00,7.21M,0.76%,
267,"Jan 14, 2019",294.30,294.50,294.80,290.00,6.40M,-0.36%,
268,"Jan 11, 2019",295.35,291.90,296.00,291.50,16.77M,1.99%,
269,"Jan 10, 2019",289.60,290.75,293.70,288.90,10.29M,-0.28%,
270,"Jan 09, 2019",290.40,285.60,291.70,284.60,12.18M,2.16%,
271,"Jan 08, 2019",284.25,282.00,285.50,281.35,7.48M,0.92%,
272,"Jan 07, 2019",281.65,284.30,285.25,281.00,9.76M,0.25%,
273,"Jan 04, 2019",280.95,279.15,282.95,279.15,7.81M,0.75%,
274,"Jan 03, 2019",278.85,280.60,282.45,277.75,6.11M,-0.62%,
275,"Jan 02, 2019",280.60,282.25,283.25,277.55,9.93M,-0.74%,
276,"Jan 01, 2019",282.70,282.20,283.55,279.80,2.49M,0.37%,
277,"Dec 31, 2018",281.65,282.80,283.85,281.10,5.45M,-0.21%,
278,"Dec 28, 2018",282.25,279.15,284.00,279.15,13.19M,0.53%,
279,"Dec 27, 2018",280.75,279.00,281.65,277.30,11.44M,1.48%,
280,"Dec 26, 2018",276.65,276.35,278.80,274.80,8.49M,0.24%,
281,"Dec 24, 2018",276.00,278.85,280.70,275.25,8.54M,-0.27%,
282,"Dec 21, 2018",276.75,283.00,284.00,276.05,6.82M,-2.09%,
283,"Dec 20, 2018",282.65,281.00,284.40,281.00,4.96M,-0.28%,
284,"Dec 19, 2018",283.45,279.00,284.00,278.50,13.13M,1.91%,
285,"Dec 18, 2018",278.15,279.05,280.60,277.00,8.83M,-0.61%,
286,"Dec 17, 2018",279.85,277.00,281.40,275.90,12.23M,1.49%,
287,"Dec 14, 2018",275.75,274.35,277.25,273.90,8.59M,0.16%,
288,"Dec 13, 2018",275.30,279.00,279.40,273.50,15.82M,-0.27%,
289,"Dec 12, 2018",276.05,275.70,277.70,272.60,10.08M,0.49%,
290,"Dec 11, 2018",274.70,268.40,276.05,268.20,10.24M,1.57%,
291,"Dec 10, 2018",270.45,272.00,272.30,269.15,6.68M,-1.31%,
292,"Dec 07, 2018",274.05,274.95,276.20,273.30,8.10M,0.37%,
293,"Dec 06, 2018",273.05,274.50,274.90,271.50,9.68M,-0.84%,
294,"Dec 05, 2018",275.35,281.00,281.80,274.20,11.45M,-2.31%,
295,"Dec 04, 2018",281.85,281.00,283.30,280.95,6.31M,-0.39%,
296,"Dec 03, 2018",282.95,287.25,289.50,282.55,8.57M,-1.00%,
297,"Nov 30, 2018",285.80,289.50,290.00,284.80,8.64M,-0.61%,
298,"Nov 29, 2018",287.55,283.65,289.30,283.45,13.66M,1.90%,
299,"Nov 28, 2018",282.20,285.40,287.95,280.80,8.86M,-0.93%,
300,"Nov 27, 2018",284.85,286.10,286.45,282.80,6.88M,-0.28%,
301,"Nov 26, 2018",285.65,281.25,286.35,280.70,8.95M,1.84%,
302,"Nov 22, 2018",280.50,282.00,284.50,279.60,6.68M,-0.44%,
303,"Nov 21, 2018",281.75,284.50,284.80,280.00,5.65M,-0.74%,
304,"Nov 20, 2018",283.85,285.00,286.65,281.80,7.80M,-0.23%,
305,"Nov 19, 2018",284.50,277.35,285.00,276.50,16.72M,2.87%,
306,"Nov 16, 2018",276.55,275.80,278.30,275.25,12.64M,0.75%,
307,"Nov 15, 2018",274.50,276.85,279.25,273.50,12.15M,-0.71%,
308,"Nov 14, 2018",276.45,278.10,278.40,274.65,6.92M,-0.14%,
309,"Nov 13, 2018",276.85,273.95,277.90,273.15,6.70M,1.10%,
310,"Nov 12, 2018",273.85,277.80,278.20,273.25,7.05M,-1.23%,
311,"Nov 09, 2018",277.25,279.00,279.70,275.90,15.03M,-1.00%,
312,"Nov 07, 2018",280.05,281.00,281.00,278.80,957.14K,0.99%,
313,"Nov 06, 2018",277.30,281.10,281.85,276.10,9.77M,-0.82%,
314,"Nov 05, 2018",279.60,285.25,285.25,278.40,7.38M,-1.29%,
315,"Nov 02, 2018",283.25,278.30,285.95,278.30,11.64M,2.11%,
316,"Nov 01, 2018",277.40,280.00,281.80,274.80,9.45M,-0.96%,
317,"Oct 31, 2018",280.10,279.55,281.00,272.85,13.50M,0.41%,
318,"Oct 30, 2018",278.95,283.25,283.85,278.00,6.85M,-1.60%,
319,"Oct 29, 2018",283.50,281.90,285.25,278.95,11.34M,0.93%,
320,"Oct 26, 2018",280.90,289.70,289.80,276.00,21.48M,-2.31%,E
321,"Oct 25, 2018",287.55,286.00,289.50,284.50,9.58M,-0.07%,
322,"Oct 24, 2018",287.75,288.70,289.65,286.35,8.69M,0.61%,
323,"Oct 23, 2018",286.00,286.00,291.20,283.55,10.84M,-0.87%,
324,"Oct 22, 2018",288.50,292.00,293.10,287.30,12.48M,-0.33%,
325,"Oct 19, 2018",289.45,285.00,291.55,284.75,8.03M,1.05%,
326,"Oct 17, 2018",286.45,283.90,291.65,281.55,15.31M,1.34%,
327,"Oct 16, 2018",282.65,283.00,283.75,276.35,11.87M,0.05%,
328,"Oct 15, 2018",282.50,278.95,283.60,276.00,17.93M,2.65%,
329,"Oct 12, 2018",275.20,267.50,277.65,267.30,13.43M,3.77%,
330,"Oct 11, 2018",265.20,265.00,269.30,263.65,10.61M,-1.81%,
331,"Oct 10, 2018",270.10,269.90,271.15,267.20,11.48M,0.60%,
332,"Oct 09, 2018",268.50,275.50,275.50,267.75,10.54M,-1.72%,
333,"Oct 08, 2018",273.20,279.00,279.40,269.15,16.43M,-1.19%,
334,"Oct 05, 2018",276.50,285.50,286.00,275.10,17.62M,-3.69%,
335,"Oct 04, 2018",287.10,293.85,295.70,285.15,8.11M,-2.74%,
336,"Oct 03, 2018",295.20,297.00,300.00,294.65,7.57M,-0.64%,
337,"Oct 01, 2018",297.10,300.85,302.95,293.40,9.03M,-0.22%,
338,"Sep 28, 2018",297.75,295.00,300.00,291.80,24.61M,1.52%,
339,"Sep 27, 2018",293.30,293.50,295.10,289.50,12.08M,0.05%,
340,"Sep 26, 2018",293.15,303.00,303.00,289.75,19.89M,-2.66%,
341,"Sep 25, 2018",301.15,296.90,302.35,292.35,13.27M,1.07%,
342,"Sep 24, 2018",297.95,305.00,306.35,292.50,14.45M,-1.97%,
343,"Sep 21, 2018",303.95,300.40,306.60,300.40,16.34M,1.44%,
344,"Sep 19, 2018",299.65,304.50,305.65,298.00,6.15M,-1.19%,
345,"Sep 18, 2018",303.25,302.20,304.90,299.30,8.20M,0.41%,
346,"Sep 17, 2018",302.00,305.00,306.10,301.50,5.83M,-1.68%,
347,"Sep 14, 2018",307.15,307.00,308.65,305.05,12.82M,0.11%,
348,"Sep 12, 2018",306.80,297.75,307.60,295.40,19.42M,3.23%,
349,"Sep 11, 2018",297.20,306.65,306.75,295.55,26.01M,-3.05%,
350,"Sep 10, 2018",306.55,310.20,310.75,305.55,9.64M,-1.26%,
351,"Sep 07, 2018",310.45,311.60,313.20,308.10,7.19M,-0.11%,
352,"Sep 06, 2018",310.80,311.40,311.75,308.05,7.61M,0.18%,
353,"Sep 05, 2018",310.25,310.40,314.45,309.25,10.14M,0.21%,
354,"Sep 04, 2018",309.60,312.00,312.20,307.00,11.18M,-1.15%,
355,"Sep 03, 2018",313.20,322.95,322.95,311.05,9.11M,-2.08%,
356,"Aug 31, 2018",319.85,322.00,322.60,317.20,18.08M,0.00%,
357,"Aug 30, 2018",319.85,313.50,320.60,313.50,24.97M,2.25%,
358,"Aug 29, 2018",312.80,311.70,315.45,310.00,10.35M,0.37%,
359,"Aug 28, 2018",311.65,314.00,315.80,311.00,6.61M,-0.56%,
360,"Aug 27, 2018",313.40,311.20,314.85,310.50,5.28M,0.97%,
361,"Aug 24, 2018",310.40,311.00,312.00,307.00,5.45M,-0.51%,
362,"Aug 23, 2018",312.00,314.00,316.40,307.35,11.31M,-0.29%,
363,"Aug 21, 2018",312.90,314.50,317.00,312.00,13.62M,-0.13%,
364,"Aug 20, 2018",313.30,314.20,315.00,311.30,19.22M,-0.14%,
365,"Aug 17, 2018",313.75,307.80,315.30,307.80,25.41M,2.05%,
366,"Aug 16, 2018",307.45,307.90,308.50,305.10,18.67M,-0.15%,
367,"Aug 14, 2018",307.90,307.00,310.20,306.85,12.32M,0.64%,
368,"Aug 13, 2018",305.95,304.00,307.80,303.15,9.96M,0.38%,
369,"Aug 10, 2018",304.80,302.00,306.90,301.15,14.78M,0.76%,
370,"Aug 09, 2018",302.50,301.75,304.60,300.05,9.22M,0.52%,
371,"Aug 08, 2018",300.95,300.25,302.40,300.00,6.44M,-0.05%,
372,"Aug 07, 2018",301.10,302.95,304.20,299.75,7.19M,-0.23%,
373,"Aug 06, 2018",301.80,305.00,306.90,300.00,7.68M,-0.71%,
374,"Aug 03, 2018",303.95,300.00,305.40,298.15,12.47M,1.59%,
375,"Aug 02, 2018",299.20,300.50,303.50,297.30,9.85M,-0.80%,
376,"Aug 01, 2018",301.60,298.05,302.95,296.10,14.62M,1.31%,
377,"Jul 31, 2018",297.70,300.75,301.35,295.55,14.56M,-1.11%,
378,"Jul 30, 2018",301.05,302.00,303.60,300.00,17.08M,-0.50%,
379,"Jul 27, 2018",302.55,300.00,307.15,295.00,75.86M,5.34%,
380,"Jul 26, 2018",287.20,287.00,291.15,284.20,20.70M,0.37%,E
381,"Jul 25, 2018",286.15,284.25,286.95,283.20,13.30M,0.18%,
382,"Jul 24, 2018",285.65,284.50,287.00,283.55,12.11M,0.53%,
383,"Jul 23, 2018",284.15,279.50,286.65,277.15,26.06M,3.70%,
384,"Jul 20, 2018",274.00,273.25,274.80,270.65,6.57M,0.26%,
385,"Jul 19, 2018",273.30,268.90,274.60,266.25,8.96M,1.77%,
386,"Jul 18, 2018",268.55,271.10,271.30,267.60,7.05M,-0.48%,
387,"Jul 17, 2018",269.85,271.05,273.00,269.30,10.03M,-0.64%,
388,"Jul 16, 2018",271.60,270.30,273.30,269.70,10.28M,0.44%,
389,"Jul 13, 2018",270.40,278.00,278.30,269.20,18.59M,-2.45%,
390,"Jul 12, 2018",277.20,275.75,278.15,273.30,9.90M,0.53%,
391,"Jul 11, 2018",275.75,276.85,280.30,273.75,11.36M,-0.47%,
392,"Jul 10, 2018",277.05,275.50,277.50,273.10,11.49M,0.97%,
393,"Jul 09, 2018",274.40,275.00,276.00,272.20,9.78M,0.64%,
394,"Jul 06, 2018",272.65,272.75,274.75,270.15,12.94M,0.06%,
395,"Jul 05, 2018",272.50,264.60,273.80,263.50,15.47M,3.06%,
396,"Jul 04, 2018",264.40,266.30,266.30,262.20,7.88M,-0.40%,
397,"Jul 03, 2018",265.45,263.50,266.75,261.15,10.39M,0.91%,
398,"Jul 02, 2018",263.05,267.00,267.10,260.05,18.10M,-1.18%,
399,"Jun 29, 2018",266.20,261.80,267.55,260.30,10.91M,2.19%,
400,"Jun 28, 2018",260.50,262.00,264.00,259.00,14.64M,-0.86%,
401,"Jun 27, 2018",262.75,264.90,265.00,261.50,10.04M,-0.77%,
402,"Jun 26, 2018",264.80,262.45,266.15,262.15,10.09M,0.84%,
403,"Jun 25, 2018",262.60,265.15,265.40,259.75,13.62M,-0.96%,
404,"Jun 22, 2018",265.15,260.55,266.80,260.00,16.82M,1.65%,
405,"Jun 21, 2018",260.85,264.40,264.80,260.40,7.14M,-1.10%,
406,"Jun 20, 2018",263.75,266.45,267.00,263.05,9.54M,-0.86%,
407,"Jun 19, 2018",266.05,264.90,267.15,262.65,7.34M,0.57%,
408,"Jun 18, 2018",264.55,264.45,265.50,263.50,6.28M,0.02%,
409,"Jun 15, 2018",264.50,267.50,267.75,263.60,10.81M,-1.03%,
410,"Jun 14, 2018",267.25,266.50,268.90,266.00,9.17M,-0.22%,
411,"Jun 13, 2018",267.85,271.50,271.80,267.20,7.82M,-0.89%,
412,"Jun 12, 2018",270.25,269.30,274.60,269.25,8.45M,0.37%,
413,"Jun 11, 2018",269.25,268.50,271.90,268.15,8.57M,0.50%,
414,"Jun 08, 2018",267.90,271.10,271.50,267.00,6.77M,-1.16%,
415,"Jun 07, 2018",271.05,270.50,272.30,270.10,6.80M,0.24%,
416,"Jun 06, 2018",270.40,268.00,271.15,267.80,7.30M,1.08%,
417,"Jun 05, 2018",267.50,269.00,269.85,266.85,5.79M,-0.52%,
418,"Jun 04, 2018",268.90,270.25,271.95,267.50,7.98M,-0.39%,
419,"Jun 01, 2018",269.95,271.15,271.70,269.10,6.61M,-0.63%,
420,"May 31, 2018",271.65,272.20,272.70,269.60,13.21M,-0.09%,
421,"May 30, 2018",271.90,272.50,273.70,270.65,8.01M,-0.78%,
422,"May 29, 2018",274.05,274.80,277.75,272.45,8.83M,-0.45%,
423,"May 28, 2018",275.30,274.00,277.50,272.40,7.00M,1.10%,
424,"May 25, 2018",272.30,272.40,275.00,268.75,9.24M,-0.93%,D
425,"May 24, 2018",274.85,274.00,276.80,271.75,6.28M,0.51%,
426,"May 23, 2018",273.45,279.00,279.40,272.95,7.89M,-1.90%,
427,"May 22, 2018",278.75,282.00,283.10,278.05,4.73M,-1.28%,
428,"May 21, 2018",282.35,282.30,284.00,278.50,8.58M,0.02%,
429,"May 18, 2018",282.30,278.55,285.55,276.00,15.42M,1.20%,
430,"May 17, 2018",278.95,288.00,288.70,278.45,10.76M,-2.41%,
431,"May 16, 2018",285.85,279.95,288.80,279.55,18.06M,1.42%,E
432,"May 15, 2018",281.85,284.85,286.00,280.70,7.78M,-1.04%,
433,"May 14, 2018",284.80,283.00,287.30,282.00,6.48M,0.41%,
434,"May 11, 2018",283.65,281.90,284.00,279.75,3.89M,1.25%,
435,"May 10, 2018",280.15,282.95,283.95,277.30,5.67M,-0.76%,
436,"May 09, 2018",282.30,281.50,284.00,281.50,4.21M,-0.14%,
437,"May 08, 2018",282.70,283.15,285.95,282.00,6.59M,0.16%,
438,"May 07, 2018",282.25,278.30,283.40,276.90,6.48M,1.84%,
439,"May 04, 2018",277.15,287.00,287.00,275.85,10.90M,-2.75%,
440,"May 03, 2018",285.00,287.50,289.70,283.05,9.37M,-0.78%,
441,"May 02, 2018",287.25,282.10,288.70,280.25,16.07M,2.06%,
442,"Apr 30, 2018",281.45,279.60,283.85,279.60,5.92M,0.73%,
443,"Apr 27, 2018",279.40,279.60,280.95,278.40,9.73M,0.41%,
444,"Apr 26, 2018",278.25,274.55,279.10,273.00,20.28M,1.51%,
445,"Apr 25, 2018",274.10,275.50,276.30,272.70,4.93M,-0.69%,
446,"Apr 24, 2018",276.00,276.00,278.85,274.65,8.45M,0.18%,
447,"Apr 23, 2018",275.50,276.00,277.20,275.00,11.75M,-0.25%,
448,"Apr 20, 2018",276.20,276.00,279.25,273.50,10.79M,-0.41%,
449,"Apr 19, 2018",277.35,277.25,280.00,275.25,12.82M,0.73%,
450,"Apr 18, 2018",275.35,268.70,278.90,268.00,23.82M,2.90%,
451,"Apr 17, 2018",267.60,265.40,268.40,262.70,13.21M,1.19%,
452,"Apr 16, 2018",264.45,260.50,264.90,260.00,5.21M,1.42%,
453,"Apr 13, 2018",260.75,263.00,263.50,260.00,4.99M,-0.46%,
454,"Apr 12, 2018",261.95,265.10,265.15,261.40,6.13M,-1.21%,
455,"Apr 11, 2018",265.15,266.90,267.55,263.40,5.23M,-0.58%,
456,"Apr 10, 2018",266.70,266.35,268.70,265.10,14.68M,0.34%,
457,"Apr 09, 2018",265.80,261.15,266.60,260.90,9.22M,1.90%,
458,"Apr 06, 2018",260.85,260.50,262.00,260.05,6.10M,0.46%,
459,"Apr 05, 2018",259.65,255.50,260.00,255.50,9.11M,0.41%,
460,"Apr 04, 2018",258.60,259.50,259.80,257.10,8.39M,0.04%,
461,"Apr 03, 2018",258.50,258.00,260.00,257.50,5.10M,0.10%,
462,"Apr 02, 2018",258.25,257.00,258.95,255.45,7.03M,1.08%,
463,"Mar 28, 2018",255.50,258.00,258.95,254.35,12.27M,-1.31%,
464,"Mar 27, 2018",258.90,258.80,260.50,256.90,8.77M,0.31%,
465,"Mar 26, 2018",258.10,252.90,260.00,252.50,12.50M,0.82%,
466,"Mar 23, 2018",256.00,256.00,258.80,254.75,11.19M,-0.89%,
467,"Mar 22, 2018",258.30,260.00,261.45,257.85,8.01M,-0.29%,
468,"Mar 21, 2018",259.05,260.05,261.65,258.70,12.92M,-0.06%,
469,"Mar 20, 2018",259.20,258.15,259.95,257.50,7.48M,0.02%,
470,"Mar 19, 2018",259.15,260.55,262.20,258.30,12.93M,-0.52%,
471,"Mar 16, 2018",260.50,266.40,266.40,258.85,20.68M,-1.90%,
472,"Mar 15, 2018",265.55,267.00,269.90,265.20,5.56M,-0.93%,
473,"Mar 14, 2018",268.05,268.05,269.05,265.30,7.91M,-0.52%,
474,"Mar 13, 2018",269.45,269.65,272.00,267.20,8.33M,-0.24%,
475,"Mar 12, 2018",270.10,264.00,270.85,262.95,19.90M,4.19%,
476,"Mar 09, 2018",259.25,259.00,260.90,258.25,6.11M,0.15%,
477,"Mar 08, 2018",258.85,260.30,261.90,257.75,6.03M,-0.40%,
478,"Mar 07, 2018",259.90,256.50,260.50,253.55,15.15M,1.33%,
479,"Mar 06, 2018",256.50,261.05,262.40,255.50,8.18M,-1.44%,
480,"Mar 05, 2018",260.25,263.30,263.30,260.00,6.62M,-1.42%,
481,"Mar 01, 2018",264.00,264.20,266.10,262.85,7.78M,-0.40%,
482,"Feb 28, 2018",265.05,265.00,266.30,263.05,13.45M,-0.51%,
483,"Feb 27, 2018",266.40,268.00,268.20,265.50,7.43M,-0.06%,
484,"Feb 26, 2018",266.55,268.55,269.50,266.00,8.38M,-0.93%,
485,"Feb 23, 2018",269.05,267.45,270.00,266.10,6.53M,0.73%,
486,"Feb 22, 2018",267.10,267.20,269.00,265.45,19.12M,-0.41%,
487,"Feb 21, 2018",268.20,264.00,268.95,263.45,10.56M,1.88%,
488,"Feb 20, 2018",263.25,264.00,265.80,262.15,9.30M,-0.32%,
489,"Feb 19, 2018",264.10,266.00,267.80,262.50,6.07M,-0.88%,
490,"Feb 16, 2018",266.45,269.85,270.75,265.60,6.16M,-0.62%,
491,"Feb 15, 2018",268.10,266.50,269.90,264.80,11.74M,0.60%,
492,"Feb 14, 2018",266.50,270.00,271.00,265.10,11.30M,-1.24%,
493,"Feb 12, 2018",269.85,272.45,273.85,269.30,6.71M,-0.55%,
494,"Feb 09, 2018",271.35,271.00,272.50,267.80,14.20M,-1.00%,
495,"Feb 08, 2018",274.10,275.70,276.90,272.65,9.78M,-0.38%,
496,"Feb 07, 2018",275.15,278.00,278.75,274.00,12.96M,0.60%,
497,"Feb 06, 2018",273.50,269.95,277.30,268.15,15.82M,-2.06%,
498,"Feb 05, 2018",279.25,273.55,281.70,271.85,19.71M,1.42%,
499,"Feb 02, 2018",275.35,274.40,285.65,270.80,35.01M,0.02%,
500,"Feb 01, 2018",275.30,272.00,290.30,267.40,59.36M,1.44%,
501,"Jan 31, 2018",271.40,273.90,276.00,269.85,18.95M,-1.38%,
502,"Jan 30, 2018",275.20,275.00,276.45,271.95,13.06M,-0.16%,
503,"Jan 29, 2018",275.65,281.15,283.30,275.00,9.57M,-1.99%,
504,"Jan 25, 2018",281.25,281.00,283.20,278.60,13.12M,-0.07%,
505,"Jan 24, 2018",281.45,276.65,282.00,276.05,17.31M,1.75%,
506,"Jan 23, 2018",276.60,274.00,277.25,273.55,18.24M,1.08%,
507,"Jan 22, 2018",273.65,275.00,275.50,271.70,8.34M,-0.33%,
508,"Jan 19, 2018",274.55,276.00,277.50,271.10,25.71M,0.42%,E
509,"Jan 18, 2018",273.40,268.00,275.25,266.65,26.44M,2.76%,
510,"Jan 17, 2018",266.05,262.00,267.00,259.55,16.38M,1.66%,
511,"Jan 16, 2018",261.70,268.20,268.70,260.80,12.94M,-2.20%,
512,"Jan 15, 2018",267.60,268.00,271.10,267.00,10.54M,0.02%,
513,"Jan 12, 2018",267.55,270.25,271.35,266.15,8.18M,-0.83%,
514,"Jan 11, 2018",269.80,269.50,271.00,268.10,11.29M,0.15%,
515,"Jan 10, 2018",269.40,273.45,274.00,269.05,16.44M,-0.43%,
516,"Jan 09, 2018",270.55,265.50,272.00,264.75,25.74M,1.86%,
517,"Jan 08, 2018",265.60,264.00,266.80,263.25,14.43M,1.03%,
518,"Jan 05, 2018",262.90,261.90,263.50,261.90,9.21M,0.52%,
519,"Jan 04, 2018",261.55,260.95,262.75,260.60,9.37M,0.15%,
520,"Jan 03, 2018",261.15,261.30,262.65,260.60,11.02M,0.15%,
521,"Jan 02, 2018",260.75,262.60,264.20,260.45,5.69M,-0.59%,
522,"Jan 01, 2018",262.30,263.25,266.30,261.25,10.46M,-0.36%,
523,"Dec 29, 2017",263.25,262.50,264.00,262.25,6.57M,0.53%,
524,"Dec 28, 2017",261.85,263.40,264.05,261.05,15.89M,-0.11%,
525,"Dec 27, 2017",262.15,264.20,264.30,261.65,6.09M,-0.76%,
526,"Dec 26, 2017",264.15,263.25,265.00,262.65,9.55M,0.40%,
527,"Dec 22, 2017",263.10,263.50,264.20,262.15,6.41M,0.02%,
528,"Dec 21, 2017",263.05,265.90,265.90,261.60,6.77M,-0.09%,
529,"Dec 20, 2017",263.30,264.70,264.70,262.70,7.44M,-0.36%,
530,"Dec 19, 2017",264.25,263.40,265.40,263.10,5.88M,0.40%,
531,"Dec 18, 2017",263.20,265.50,265.50,259.05,9.29M,-0.53%,
532,"Dec 15, 2017",264.60,266.00,267.05,263.45,12.27M,0.13%,
533,"Dec 14, 2017",264.25,260.90,266.15,257.55,8.04M,2.03%,
534,"Dec 13, 2017",259.00,259.60,262.40,257.60,8.65M,-0.97%,
535,"Dec 12, 2017",261.55,264.50,265.20,260.50,9.24M,-1.77%,
536,"Dec 11, 2017",266.25,264.65,267.50,263.30,17.18M,1.54%,
537,"Dec 08, 2017",262.20,253.75,263.20,253.40,13.13M,3.49%,
538,"Dec 07, 2017",253.35,250.00,254.10,250.00,5.43M,0.70%,
539,"Dec 06, 2017",251.60,253.25,253.25,250.85,8.24M,-0.89%,
540,"Dec 05, 2017",253.85,255.00,255.35,252.50,8.99M,-0.49%,
541,"Dec 04, 2017",255.10,256.00,256.30,253.55,6.11M,-0.04%,
542,"Dec 01, 2017",255.20,256.95,259.60,254.65,6.59M,-0.33%,
543,"Nov 30, 2017",256.05,257.90,258.20,254.65,22.12M,-0.78%,
544,"Nov 29, 2017",258.05,258.00,258.70,257.00,8.70M,0.41%,
545,"Nov 28, 2017",257.00,259.10,259.20,256.00,17.51M,-0.87%,
546,"Nov 27, 2017",259.25,260.00,260.50,257.30,4.84M,-0.58%,
547,"Nov 24, 2017",260.75,258.50,261.45,258.05,7.35M,1.01%,
548,"Nov 23, 2017",258.15,258.35,260.70,256.40,7.52M,0.00%,
549,"Nov 22, 2017",258.15,256.00,258.65,255.60,8.61M,0.92%,
550,"Nov 21, 2017",255.80,259.50,259.50,255.20,16.63M,-1.31%,
551,"Nov 20, 2017",259.20,258.60,260.70,257.25,7.92M,0.47%,
552,"Nov 17, 2017",258.00,256.50,259.00,256.00,10.00M,1.14%,
553,"Nov 16, 2017",255.10,254.70,255.60,252.40,9.96M,0.71%,
554,"Nov 15, 2017",253.30,257.00,257.35,250.40,17.01M,-1.27%,
555,"Nov 14, 2017",256.55,258.50,260.85,256.00,8.34M,-0.68%,
556,"Nov 13, 2017",258.30,263.00,263.30,258.00,7.40M,-1.30%,
557,"Nov 10, 2017",261.70,260.55,265.20,259.40,16.79M,0.63%,
558,"Nov 09, 2017",260.05,266.40,266.50,259.30,20.25M,-2.02%,
559,"Nov 08, 2017",265.40,265.35,266.50,264.70,5.96M,0.04%,
560,"Nov 07, 2017",265.30,265.70,267.70,263.65,9.51M,0.15%,
561,"Nov 06, 2017",264.90,266.25,267.90,264.30,9.02M,-0.19%,
562,"Nov 03, 2017",265.40,267.00,267.90,264.90,5.98M,-0.09%,
563,"Nov 02, 2017",265.65,269.70,269.95,265.30,9.68M,-1.56%,
564,"Nov 01, 2017",269.85,267.00,271.20,266.30,7.24M,1.56%,
565,"Oct 31, 2017",265.70,266.05,266.95,263.90,8.14M,0.21%,
566,"Oct 30, 2017",265.15,269.00,270.60,263.45,17.59M,-1.56%,
567,"Oct 27, 2017",269.35,270.60,276.00,267.45,22.97M,0.35%,E
568,"Oct 26, 2017",268.40,270.80,270.80,267.15,9.26M,-0.32%,
569,"Oct 25, 2017",269.25,268.40,271.50,268.20,5.94M,0.84%,
570,"Oct 24, 2017",267.00,268.45,268.45,266.10,8.40M,-0.02%,
571,"Oct 23, 2017",267.05,270.00,272.75,265.80,9.77M,-0.96%,
572,"Oct 19, 2017",269.65,271.00,271.30,269.00,1.24M,-0.26%,
573,"Oct 18, 2017",270.35,268.00,270.75,267.10,7.23M,1.16%,
574,"Oct 17, 2017",267.25,268.00,268.70,265.95,10.63M,-0.09%,
575,"Oct 16, 2017",267.50,266.00,269.95,265.50,9.15M,0.58%,
576,"Oct 13, 2017",265.95,266.25,267.60,264.20,12.04M,-0.39%,
577,"Oct 12, 2017",267.00,265.55,269.20,264.00,9.17M,0.60%,
578,"Oct 11, 2017",265.40,266.50,267.75,264.45,7.66M,-0.30%,
579,"Oct 10, 2017",266.20,267.10,267.90,265.15,5.47M,-0.67%,
580,"Oct 09, 2017",268.00,268.00,269.15,266.40,6.09M,0.70%,
581,"Oct 06, 2017",266.15,265.80,267.50,264.65,7.86M,0.34%,
582,"Oct 05, 2017",265.25,267.40,269.40,264.40,6.94M,-0.80%,
583,"Oct 04, 2017",267.40,264.10,268.50,263.15,10.78M,2.30%,
584,"Oct 03, 2017",261.40,262.50,262.75,258.50,11.50M,1.20%,
585,"Sep 29, 2017",258.30,262.80,262.90,257.45,12.17M,-1.24%,
586,"Sep 28, 2017",261.55,260.40,263.40,259.10,21.60M,1.18%,
587,"Sep 27, 2017",258.50,265.10,265.50,256.80,17.53M,-1.51%,
588,"Sep 26, 2017",262.45,263.30,263.75,261.05,9.58M,0.08%,
589,"Sep 25, 2017",262.25,268.50,269.65,260.90,17.58M,-2.31%,
590,"Sep 22, 2017",268.45,269.50,270.95,267.05,6.88M,-0.41%,
591,"Sep 21, 2017",269.55,272.00,272.40,267.10,7.76M,-0.74%,
592,"Sep 20, 2017",271.55,269.40,272.00,267.75,9.60M,1.38%,
593,"Sep 19, 2017",267.85,268.00,270.00,264.10,33.88M,0.32%,
594,"Sep 18, 2017",267.00,271.00,271.70,266.25,10.15M,-0.85%,
595,"Sep 15, 2017",269.30,272.00,272.75,268.20,13.15M,-0.99%,
596,"Sep 14, 2017",272.00,272.30,272.50,270.40,7.04M,0.18%,
597,"Sep 13, 2017",271.50,277.40,277.50,270.95,12.13M,-2.22%,
598,"Sep 12, 2017",277.65,275.50,278.25,274.60,11.46M,1.48%,
599,"Sep 11, 2017",273.60,272.40,274.40,271.50,9.31M,0.46%,
600,"Sep 08, 2017",272.35,271.15,273.30,270.00,9.72M,0.72%,
601,"Sep 07, 2017",270.40,277.00,277.55,269.55,19.22M,-1.92%,
602,"Sep 06, 2017",275.70,280.50,281.00,275.25,14.17M,-2.53%,
603,"Sep 05, 2017",282.85,282.65,283.90,281.60,7.82M,-0.09%,
604,"Sep 04, 2017",283.10,283.45,283.85,282.00,8.48M,-0.18%,
605,"Sep 01, 2017",283.60,282.20,284.35,280.70,7.25M,0.48%,
606,"Aug 31, 2017",282.25,283.00,283.15,280.40,11.22M,0.09%,
607,"Aug 30, 2017",282.00,281.15,282.90,280.60,6.53M,0.62%,
608,"Aug 29, 2017",280.25,282.35,282.90,279.40,6.14M,-0.78%,
609,"Aug 28, 2017",282.45,282.10,283.00,279.30,9.97M,0.36%,
610,"Aug 24, 2017",281.45,282.00,283.50,281.10,10.82M,-0.39%,
611,"Aug 23, 2017",282.55,283.50,285.60,281.60,8.75M,-0.12%,
612,"Aug 22, 2017",282.90,282.00,285.00,280.35,11.96M,0.46%,
613,"Aug 21, 2017",281.60,282.35,285.00,280.95,13.09M,-0.09%,
614,"Aug 18, 2017",281.85,279.25,284.00,276.80,14.87M,0.66%,
615,"Aug 17, 2017",280.00,281.85,282.90,277.90,13.70M,0.29%,
616,"Aug 16, 2017",279.20,272.00,281.75,271.35,18.69M,2.93%,
617,"Aug 14, 2017",271.25,274.40,274.40,270.50,9.69M,-0.09%,
618,"Aug 11, 2017",271.50,271.00,274.45,270.10,14.41M,-0.59%,
619,"Aug 10, 2017",273.10,272.65,274.65,270.75,10.00M,0.09%,
620,"Aug 09, 2017",272.85,274.00,275.40,270.40,9.91M,-0.47%,
621,"Aug 08, 2017",274.15,280.10,281.40,273.50,12.74M,-2.04%,
622,"Aug 07, 2017",279.85,281.60,283.00,279.45,8.45M,-0.32%,
623,"Aug 04, 2017",280.75,280.40,284.40,279.65,11.28M,-0.23%,
624,"Aug 03, 2017",281.40,285.00,285.40,280.65,10.20M,-1.42%,
625,"Aug 02, 2017",285.45,289.80,289.90,284.30,9.87M,-0.83%,
626,"Aug 01, 2017",287.85,285.30,288.55,285.00,13.54M,0.91%,
627,"Jul 31, 2017",285.25,289.50,290.30,284.50,21.25M,-2.16%,
628,"Jul 28, 2017",291.55,294.30,294.75,287.15,18.49M,1.04%,
629,"Jul 27, 2017",288.55,294.70,295.40,286.75,18.89M,-1.74%,E
630,"Jul 26, 2017",293.65,292.00,294.25,291.50,9.21M,0.77%,
631,"Jul 25, 2017",291.40,295.00,295.15,290.85,9.56M,-0.63%,
632,"Jul 24, 2017",293.25,290.00,295.35,288.10,17.79M,1.51%,
633,"Jul 21, 2017",288.90,291.50,291.75,286.55,13.17M,-0.21%,
634,"Jul 20, 2017",289.50,294.00,294.90,288.40,15.31M,-0.67%,
635,"Jul 19, 2017",291.45,287.80,292.90,286.20,39.13M,2.42%,
636,"Jul 18, 2017",284.55,292.65,292.65,276.40,149.48M,-12.49%,
637,"Jul 17, 2017",325.15,335.00,335.00,320.70,20.32M,-3.56%,
638,"Jul 14, 2017",337.15,339.95,339.95,334.80,5.59M,-0.47%,
639,"Jul 13, 2017",338.75,332.00,339.50,331.00,17.49M,3.01%,
640,"Jul 12, 2017",328.85,328.40,333.60,327.40,10.25M,-0.47%,
641,"Jul 11, 2017",330.40,335.00,335.05,330.00,8.34M,-0.87%,
642,"Jul 10, 2017",333.30,341.00,367.70,331.00,1.43M,-0.30%,
643,"Jul 07, 2017",334.30,338.00,338.20,333.05,9.92M,-0.83%,
644,"Jul 06, 2017",337.10,334.30,338.75,331.30,13.43M,1.83%,
645,"Jul 05, 2017",331.05,337.25,337.85,330.25,11.98M,-1.84%,
646,"Jul 04, 2017",337.25,342.80,343.45,336.25,11.23M,-1.53%,
647,"Jul 03, 2017",342.50,346.00,354.80,340.30,47.08M,5.82%,
648,"Jun 30, 2017",323.65,310.25,324.70,310.25,23.20M,3.87%,
649,"Jun 29, 2017",311.60,309.10,313.25,308.60,9.93M,1.05%,
650,"Jun 28, 2017",308.35,311.60,311.60,307.10,7.92M,-1.28%,
651,"Jun 27, 2017",312.35,311.75,316.50,311.00,9.69M,0.43%,
652,"Jun 23, 2017",311.00,310.00,312.90,308.60,7.18M,-0.10%,
653,"Jun 22, 2017",311.30,308.65,314.20,308.20,8.94M,0.76%,
654,"Jun 21, 2017",308.95,309.40,311.00,307.20,8.28M,0.08%,
655,"Jun 20, 2017",308.70,312.00,312.20,308.10,8.26M,-0.71%,
656,"Jun 19, 2017",310.90,309.00,311.85,308.10,6.98M,1.34%,
657,"Jun 16, 2017",306.80,302.50,309.60,302.50,12.32M,1.62%,
658,"Jun 15, 2017",301.90,302.95,302.95,299.50,7.43M,0.68%,
659,"Jun 14, 2017",299.85,304.95,306.00,299.15,14.57M,-1.77%,
660,"Jun 13, 2017",305.25,305.05,306.00,302.20,5.11M,0.28%,
661,"Jun 12, 2017",304.40,307.00,307.50,302.50,6.27M,-0.52%,
662,"Jun 09, 2017",306.00,310.75,312.60,304.70,10.07M,-1.80%,
663,"Jun 08, 2017",311.60,313.00,313.25,309.40,7.78M,-0.21%,
664,"Jun 07, 2017",312.25,311.30,314.75,310.35,11.53M,0.39%,
665,"Jun 06, 2017",311.05,317.50,319.00,309.30,9.84M,-2.02%,
666,"Jun 05, 2017",317.45,315.00,318.25,313.30,9.48M,-0.55%,D
667,"Jun 02, 2017",319.20,316.10,319.90,315.20,11.07M,1.59%,
668,"Jun 01, 2017",314.20,312.00,316.75,310.80,8.25M,0.77%,
669,"May 31, 2017",311.80,311.45,313.40,307.00,12.31M,0.11%,
670,"May 30, 2017",311.45,312.90,315.20,310.05,8.55M,-1.39%,
671,"May 29, 2017",315.85,304.00,319.85,303.50,19.67M,2.18%,
672,"May 26, 2017",309.10,302.00,313.80,299.55,21.74M,3.02%,E
673,"May 25, 2017",300.05,300.00,304.70,295.35,22.77M,0.05%,
674,"May 24, 2017",299.90,300.00,301.95,297.90,9.46M,-0.08%,
675,"May 23, 2017",300.15,301.90,303.90,298.25,19.78M,-1.14%,
676,"May 22, 2017",303.60,292.45,304.80,291.30,35.94M,6.08%,
677,"May 19, 2017",286.20,282.25,295.65,281.95,35.72M,2.99%,
678,"May 18, 2017",277.90,278.00,281.05,277.05,7.92M,-1.33%,
679,"May 17, 2017",281.65,284.10,284.40,279.25,8.30M,-0.64%,
680,"May 16, 2017",283.45,278.50,284.30,278.00,11.20M,1.98%,
681,"May 15, 2017",277.95,275.90,278.90,275.50,5.46M,1.09%,
682,"May 12, 2017",274.95,277.30,277.30,274.05,4.50M,-0.61%,
683,"May 11, 2017",276.65,275.50,279.15,274.00,9.42M,0.99%,
684,"May 10, 2017",273.95,272.20,275.70,272.00,4.58M,0.90%,
685,"May 09, 2017",271.50,273.50,276.65,271.00,6.75M,-0.53%,
686,"May 08, 2017",272.95,277.55,278.50,272.55,10.63M,-1.52%,
687,"May 05, 2017",277.15,280.95,280.95,276.40,4.04M,-1.44%,
688,"May 04, 2017",281.20,277.90,282.20,276.15,7.77M,1.42%,
689,"May 03, 2017",277.25,279.50,279.50,275.50,6.04M,-0.70%,
690,"May 02, 2017",279.20,280.50,281.30,276.50,7.03M,0.43%,
691,"Apr 28, 2017",278.00,285.80,286.50,277.35,12.37M,-2.73%,
692,"Apr 27, 2017",285.80,291.40,291.90,284.50,13.55M,-1.75%,
693,"Apr 26, 2017",290.90,283.30,292.90,282.00,18.94M,3.41%,
694,"Apr 25, 2017",281.30,278.00,282.00,273.90,12.72M,1.64%,
695,"Apr 24, 2017",276.75,276.40,277.55,271.15,7.12M,0.87%,
696,"Apr 21, 2017",274.35,282.00,282.00,272.70,8.71M,-1.84%,
697,"Apr 20, 2017",279.50,279.70,281.50,278.35,4.24M,0.29%,
698,"Apr 19, 2017",278.70,281.15,281.50,277.85,4.95M,-0.13%,
699,"Apr 18, 2017",279.05,280.20,284.00,278.10,4.33M,-0.02%,
700,"Apr 17, 2017",279.10,276.55,282.50,275.55,4.83M,-0.02%,
701,"Apr 13, 2017",279.15,281.90,282.00,277.50,3.93M,-0.98%,
702,"Apr 12, 2017",281.90,281.70,284.80,279.55,7.23M,-0.05%,
703,"Apr 11, 2017",282.05,273.10,282.60,271.80,10.93M,3.11%,
704,"Apr 10, 2017",273.55,275.00,275.00,272.10,5.48M,0.33%,
705,"Apr 07, 2017",272.65,273.00,274.15,270.90,9.13M,-0.53%,
706,"Apr 06, 2017",274.10,278.20,279.15,273.20,15.64M,-1.74%,
707,"Apr 05, 2017",278.95,283.20,283.50,277.70,10.29M,-0.92%,
708,"Apr 03, 2017",281.55,282.80,283.60,278.65,7.23M,0.45%,
709,"Mar 31, 2017",280.30,281.00,283.00,278.75,9.56M,-0.87%,
710,"Mar 30, 2017",282.75,284.00,284.65,280.05,14.39M,-0.16%,
711,"Mar 29, 2017",283.20,280.20,283.70,280.20,8.50M,0.96%,
712,"Mar 28, 2017",280.50,281.60,282.20,280.05,6.29M,-0.39%,
713,"Mar 27, 2017",281.60,280.45,282.90,276.30,12.15M,0.21%,
714,"Mar 24, 2017",281.00,278.85,283.00,278.75,7.12M,1.22%,
715,"Mar 23, 2017",277.60,277.50,282.50,275.10,16.90M,-0.80%,
716,"Mar 22, 2017",279.85,285.00,287.85,278.60,12.40M,-2.80%,
717,"Mar 21, 2017",287.90,283.20,288.60,283.00,13.23M,2.13%,
718,"Mar 20, 2017",281.90,282.90,284.20,277.80,15.90M,0.23%,
719,"Mar 17, 2017",281.25,276.80,288.90,276.80,52.01M,4.77%,
720,"Mar 16, 2017",268.45,270.25,271.25,267.50,8.69M,0.09%,
721,"Mar 15, 2017",268.20,265.20,270.70,265.20,13.94M,0.41%,
722,"Mar 14, 2017",267.10,266.20,271.65,265.20,17.82M,1.39%,
723,"Mar 10, 2017",263.45,264.95,265.05,262.65,5.66M,-0.57%,
724,"Mar 09, 2017",264.95,266.10,266.30,262.30,9.48M,0.30%,
725,"Mar 08, 2017",264.15,264.45,265.50,263.50,5.77M,-0.04%,
726,"Mar 07, 2017",264.25,264.30,265.00,261.15,6.92M,0.06%,
727,"Mar 06, 2017",264.10,262.70,265.05,261.55,9.56M,0.97%,
728,"Mar 03, 2017",261.55,262.00,263.40,258.15,9.99M,-1.21%,
729,"Mar 02, 2017",264.75,268.50,270.25,263.50,10.07M,-1.40%,
730,"Mar 01, 2017",268.50,262.40,269.70,262.40,14.58M,2.40%,
731,"Feb 28, 2017",262.20,263.00,264.60,260.90,8.24M,-0.91%,
732,"Feb 27, 2017",264.60,265.55,266.00,257.85,5.08M,-0.40%,
733,"Feb 23, 2017",265.65,264.00,268.20,261.60,12.36M,0.84%,
734,"Feb 22, 2017",263.45,264.40,266.25,261.65,8.49M,0.11%,
735,"Feb 21, 2017",263.15,266.00,266.25,260.80,9.87M,-1.09%,
736,"Feb 20, 2017",266.05,266.00,267.45,265.55,5.71M,-0.78%,
737,"Feb 17, 2017",268.15,267.35,268.90,264.00,9.34M,0.56%,
738,"Feb 16, 2017",266.65,270.05,271.50,265.70,10.58M,-2.47%,
739,"Feb 15, 2017",273.40,271.20,275.50,271.20,7.54M,0.96%,
740,"Feb 14, 2017",270.80,270.00,273.50,269.15,6.66M,0.07%,
741,"Feb 13, 2017",270.60,275.40,276.35,268.60,8.97M,-1.01%,
742,"Feb 10, 2017",273.35,278.70,279.10,271.55,7.68M,-1.55%,
743,"Feb 09, 2017",277.65,276.00,278.40,272.65,4.88M,1.04%,
744,"Feb 08, 2017",274.80,275.50,279.00,272.00,10.70M,-0.83%,
745,"Feb 07, 2017",277.10,278.60,292.15,275.60,24.32M,0.11%,
746,"Feb 06, 2017",276.80,274.90,279.00,274.10,8.22M,1.37%,
747,"Feb 03, 2017",273.05,274.00,275.50,270.50,9.01M,-0.46%,
748,"Feb 02, 2017",274.30,271.00,279.90,269.50,29.72M,1.71%,
749,"Feb 01, 2017",269.70,260.00,270.10,258.50,33.84M,4.49%,
750,"Jan 31, 2017",258.10,256.20,259.95,254.60,10.00M,0.78%,
751,"Jan 30, 2017",256.10,258.40,261.00,255.50,8.91M,-0.51%,
752,"Jan 27, 2017",257.40,263.50,266.95,256.10,24.50M,-3.05%,E
753,"Jan 25, 2017",265.50,259.95,266.40,259.60,17.45M,2.17%,
754,"Jan 24, 2017",259.85,259.60,260.75,257.35,8.03M,0.08%,
755,"Jan 23, 2017",259.65,255.10,260.15,255.05,10.69M,1.66%,
756,"Jan 20, 2017",255.40,254.25,256.30,253.70,10.84M,0.49%,
757,"Jan 19, 2017",254.15,249.75,254.75,249.55,9.18M,1.32%,
758,"Jan 18, 2017",250.85,251.60,254.30,249.80,7.25M,-0.44%,
759,"Jan 17, 2017",251.95,248.80,252.30,248.80,4.81M,1.27%,
760,"Jan 16, 2017",248.80,249.25,250.85,247.10,4.64M,-0.34%,
761,"Jan 13, 2017",249.65,246.00,251.00,242.50,4.38M,2.04%,
762,"Jan 12, 2017",244.65,247.70,247.70,244.15,5.60M,-1.17%,
763,"Jan 11, 2017",247.55,249.80,250.50,246.60,7.64M,-0.56%,
764,"Jan 10, 2017",248.95,246.00,249.85,245.70,11.98M,1.26%,
765,"Jan 09, 2017",245.85,242.85,246.60,242.10,4.85M,1.30%,
766,"Jan 06, 2017",242.70,247.00,249.00,242.20,8.09M,-1.64%,
767,"Jan 05, 2017",246.75,244.50,247.85,244.10,9.18M,0.53%,
768,"Jan 04, 2017",245.45,242.85,247.00,240.10,9.31M,0.86%,
769,"Jan 03, 2017",243.35,240.90,245.70,239.25,7.51M,1.00%,
770,"Jan 02, 2017",240.95,242.00,242.25,238.60,4.89M,-0.29%,
771,"Dec 30, 2016",241.65,237.45,242.40,236.30,10.42M,2.39%,
772,"Dec 29, 2016",236.00,235.30,237.00,232.30,14.05M,0.23%,
773,"Dec 28, 2016",235.45,232.70,236.40,232.70,14.17M,0.60%,
774,"Dec 27, 2016",234.05,226.00,234.90,224.35,15.61M,4.02%,
775,"Dec 26, 2016",225.00,224.90,225.85,222.00,8.74M,0.13%,
776,"Dec 23, 2016",224.70,227.50,227.50,223.80,10.76M,-1.25%,
777,"Dec 22, 2016",227.55,225.25,228.40,224.25,6.42M,0.55%,
778,"Dec 21, 2016",226.30,229.00,229.80,225.50,12.88M,-1.59%,
779,"Dec 20, 2016",229.95,228.50,230.80,227.50,5.92M,1.30%,
780,"Dec 19, 2016",227.00,225.35,229.00,225.35,5.46M,0.29%,
781,"Dec 16, 2016",226.35,230.80,230.80,226.00,12.93M,-1.46%,
782,"Dec 15, 2016",229.70,232.00,234.40,228.50,5.33M,-1.48%,
783,"Dec 14, 2016",233.15,236.00,236.50,232.00,6.31M,-1.06%,
784,"Dec 13, 2016",235.65,234.80,236.90,232.20,7.44M,1.44%,
785,"Dec 12, 2016",232.30,234.20,234.70,231.95,3.04M,-1.63%,
786,"Dec 09, 2016",236.15,234.05,239.60,232.55,8.33M,1.22%,
787,"Dec 08, 2016",233.30,229.05,235.30,228.30,7.37M,2.68%,
788,"Dec 07, 2016",227.20,231.50,231.50,226.50,8.11M,-1.30%,
789,"Dec 06, 2016",230.20,233.00,233.00,229.15,4.91M,-1.01%,
790,"Dec 05, 2016",232.55,228.90,233.20,227.45,5.12M,1.77%,
791,"Dec 02, 2016",228.50,233.00,233.00,228.00,8.37M,-2.14%,
792,"Dec 01, 2016",233.50,232.80,235.00,231.05,5.16M,0.43%,
793,"Nov 30, 2016",232.50,232.00,234.40,229.15,11.08M,0.63%,
794,"Nov 29, 2016",231.05,233.05,235.65,230.25,8.61M,-1.13%,
795,"Nov 28, 2016",233.70,228.40,234.20,227.30,9.12M,2.14%,
796,"Nov 25, 2016",228.80,224.50,230.45,223.05,7.60M,2.37%,
797,"Nov 24, 2016",223.50,225.00,225.25,222.10,18.00M,-0.51%,
798,"Nov 23, 2016",224.65,227.25,227.80,223.50,10.32M,-0.64%,
799,"Nov 22, 2016",226.10,225.00,228.10,223.50,9.22M,0.85%,
800,"Nov 21, 2016",224.20,228.20,228.60,223.60,7.59M,-1.60%,
801,"Nov 18, 2016",227.85,230.00,231.40,227.10,8.26M,-1.58%,
802,"Nov 17, 2016",231.50,228.45,234.00,228.40,9.28M,0.26%,
803,"Nov 16, 2016",230.90,237.95,239.10,228.05,30.67M,-2.78%,
804,"Nov 15, 2016",237.50,241.95,246.90,235.80,21.20M,-2.24%,
805,"Nov 11, 2016",242.95,248.00,248.95,241.00,12.74M,-3.23%,
806,"Nov 10, 2016",251.05,252.85,253.00,245.55,11.57M,1.17%,
807,"Nov 09, 2016",248.15,239.15,255.00,238.55,23.03M,-2.91%,
808,"Nov 08, 2016",255.60,256.50,257.40,252.20,9.94M,-0.35%,
809,"Nov 07, 2016",256.50,253.80,259.65,247.00,24.27M,2.99%,
810,"Nov 04, 2016",249.05,251.50,256.40,247.05,35.26M,3.64%,
811,"Nov 03, 2016",240.30,237.05,242.30,236.00,8.87M,1.26%,
812,"Nov 02, 2016",237.30,237.00,238.95,235.10,4.69M,-1.10%,
813,"Nov 01, 2016",239.95,242.80,242.80,239.15,5.52M,-0.70%,
814,"Oct 30, 2016",241.65,244.00,244.00,241.00,629.94K,-0.60%,
815,"Oct 28, 2016",243.10,244.30,244.30,239.50,9.32M,0.00%,
816,"Oct 27, 2016",243.10,241.20,244.80,239.65,15.35M,1.82%,
817,"Oct 26, 2016",238.75,239.85,242.50,233.50,23.93M,0.00%,E
818,"Oct 25, 2016",238.75,242.90,242.90,238.15,5.95M,-1.08%,
819,"Oct 24, 2016",241.35,241.00,242.00,239.70,9.58M,0.50%,
820,"Oct 21, 2016",240.15,239.00,241.15,238.75,10.59M,0.33%,
821,"Oct 20, 2016",239.35,241.00,241.35,238.10,4.40M,-0.04%,
822,"Oct 19, 2016",239.45,245.65,245.65,238.40,8.41M,-2.64%,
823,"Oct 18, 2016",245.95,241.00,246.55,240.30,11.78M,2.22%,
824,"Oct 17, 2016",240.60,239.90,241.75,238.50,6.14M,0.29%,
825,"Oct 14, 2016",239.90,239.00,240.50,238.05,9.22M,0.40%,
826,"Oct 13, 2016",238.95,240.10,241.45,236.95,10.68M,-0.48%,
827,"Oct 10, 2016",240.10,242.00,242.60,239.55,5.05M,0.48%,
828,"Oct 07, 2016",238.95,237.90,240.25,236.75,4.01M,0.65%,
829,"Oct 06, 2016",237.40,242.00,242.00,235.65,8.65M,-1.17%,
830,"Oct 05, 2016",240.20,241.80,243.25,239.20,6.23M,-0.41%,
831,"Oct 04, 2016",241.20,243.00,243.95,240.35,7.71M,-0.45%,
832,"Oct 03, 2016",242.30,244.20,244.20,241.55,6.47M,0.39%,
833,"Sep 30, 2016",241.35,245.65,246.95,240.50,9.55M,-1.77%,
834,"Sep 29, 2016",245.70,248.10,249.30,241.00,17.43M,-0.51%,
835,"Sep 28, 2016",246.95,246.30,249.40,245.50,7.36M,0.45%,
836,"Sep 27, 2016",245.85,248.65,249.25,245.00,6.64M,-0.89%,
837,"Sep 26, 2016",248.05,253.00,253.25,247.50,9.69M,-2.13%,
838,"Sep 23, 2016",253.45,255.00,257.00,251.80,4.95M,-0.71%,
839,"Sep 22, 2016",255.25,255.45,257.20,253.75,7.69M,0.63%,
840,"Sep 21, 2016",253.65,256.70,258.80,253.00,8.80M,-1.28%,
841,"Sep 20, 2016",256.95,259.20,259.25,255.25,6.69M,-0.73%,
842,"Sep 19, 2016",258.85,261.50,262.60,258.25,6.47M,-0.58%,
843,"Sep 16, 2016",260.35,256.00,262.20,255.40,14.04M,1.74%,
844,"Sep 15, 2016",255.90,252.50,257.90,252.50,7.78M,1.61%,
845,"Sep 14, 2016",251.85,251.00,253.10,249.55,12.54M,-0.16%,
846,"Sep 12, 2016",252.25,255.95,256.70,251.75,7.34M,-2.34%,
847,"Sep 09, 2016",258.30,263.00,264.45,257.05,9.76M,-2.49%,
848,"Sep 08, 2016",264.90,263.50,265.55,262.70,8.32M,0.80%,
849,"Sep 07, 2016",262.80,264.00,264.95,262.00,6.41M,0.08%,
850,"Sep 06, 2016",262.60,263.00,265.90,261.10,9.17M,-0.11%,
851,"Sep 02, 2016",262.90,262.00,263.70,260.25,9.15M,0.73%,
852,"Sep 01, 2016",261.00,261.00,263.00,259.10,8.37M,0.37%,
853,"Aug 31, 2016",260.05,258.30,261.50,256.40,12.77M,1.07%,
854,"Aug 30, 2016",257.30,253.70,257.90,253.05,7.69M,1.78%,
855,"Aug 29, 2016",252.80,253.00,253.95,251.05,4.27M,-0.39%,
856,"Aug 26, 2016",253.80,253.35,254.90,252.05,4.75M,0.14%,
857,"Aug 25, 2016",253.45,252.10,255.00,250.25,9.52M,1.28%,
858,"Aug 24, 2016",250.25,251.20,252.00,249.10,5.38M,-0.46%,
859,"Aug 23, 2016",251.40,254.40,255.00,250.30,6.45M,-1.06%,
860,"Aug 22, 2016",254.10,251.65,254.75,251.50,4.18M,1.26%,
861,"Aug 19, 2016",250.95,252.00,252.40,249.75,5.33M,-0.48%,
862,"Aug 18, 2016",252.15,254.40,255.40,251.50,6.68M,-0.61%,
863,"Aug 17, 2016",253.70,254.55,256.75,252.20,8.33M,-0.55%,
864,"Aug 16, 2016",255.10,254.25,258.00,253.45,10.29M,0.39%,
865,"Aug 12, 2016",254.10,250.55,255.50,250.30,8.28M,0.97%,
866,"Aug 11, 2016",251.65,247.00,252.80,246.55,10.74M,2.09%,
867,"Aug 10, 2016",246.50,248.00,248.40,245.80,5.26M,-0.46%,
868,"Aug 09, 2016",247.65,250.00,250.00,246.10,9.36M,-0.92%,
869,"Aug 08, 2016",249.95,253.00,254.75,249.50,8.42M,-1.03%,
870,"Aug 05, 2016",252.55,252.15,256.50,251.10,4.37M,0.18%,
871,"Aug 04, 2016",252.10,254.00,254.85,250.20,8.66M,-0.24%,
872,"Aug 03, 2016",252.70,260.00,260.00,251.25,10.99M,-3.11%,
873,"Aug 02, 2016",260.80,251.00,262.00,251.00,16.78M,4.07%,
874,"Aug 01, 2016",250.60,252.00,255.20,249.55,9.56M,-0.73%,
875,"Jul 29, 2016",252.45,254.20,256.50,251.40,12.13M,-0.73%,
876,"Jul 28, 2016",254.30,249.40,255.40,248.25,11.35M,2.79%,
877,"Jul 27, 2016",247.40,251.00,253.70,246.30,8.90M,-1.73%,
878,"Jul 26, 2016",251.75,251.65,253.55,250.50,6.82M,0.00%,
879,"Jul 25, 2016",251.75,249.50,252.00,249.00,8.87M,0.76%,
880,"Jul 22, 2016",249.85,253.15,256.20,247.15,15.78M,-0.30%,
881,"Jul 21, 2016",250.60,253.00,253.50,246.50,11.72M,0.14%,E
882,"Jul 20, 2016",250.25,249.05,252.00,247.95,9.31M,0.48%,
883,"Jul 19, 2016",249.05,249.00,250.00,245.60,6.72M,0.06%,
884,"Jul 18, 2016",248.90,249.05,249.95,247.60,6.83M,0.02%,
885,"Jul 15, 2016",248.85,249.00,252.55,247.55,9.35M,0.06%,
886,"Jul 14, 2016",248.70,247.00,251.00,245.10,6.09M,0.65%,
887,"Jul 13, 2016",247.10,248.45,249.20,246.00,4.34M,-0.52%,
888,"Jul 12, 2016",248.40,250.95,251.95,247.00,4.14M,-0.30%,
889,"Jul 11, 2016",249.15,248.30,251.60,246.75,7.27M,1.34%,
890,"Jul 08, 2016",245.85,247.40,247.40,242.50,6.90M,-0.47%,
891,"Jul 07, 2016",247.00,244.50,248.65,243.90,8.96M,1.42%,
892,"Jul 05, 2016",243.55,245.85,247.00,242.20,8.99M,-0.55%,
893,"Jul 04, 2016",244.90,254.00,254.00,244.00,14.00M,-2.95%,S
894,"Jul 01, 2016",252.35,243.30,259.75,242.60,27.94M,2.75%,S
895,"Jun 30, 2016",245.60,245.33,247.80,244.10,20.90M,0.57%,
896,"Jun 29, 2016",244.20,246.63,246.63,242.67,11.55M,-0.60%,
897,"Jun 28, 2016",245.67,240.00,246.10,239.30,15.70M,2.66%,
898,"Jun 27, 2016",239.30,236.07,240.93,236.07,10.25M,1.37%,
899,"Jun 24, 2016",236.07,235.03,240.07,233.47,12.05M,-1.71%,
900,"Jun 23, 2016",240.17,236.67,241.00,236.67,8.66M,1.56%,
901,"Jun 22, 2016",236.47,237.30,239.43,235.03,8.91M,-1.06%,
902,"Jun 21, 2016",239.00,238.33,239.80,237.00,6.66M,0.13%,
903,"Jun 20, 2016",238.70,240.33,240.67,236.73,8.69M,-0.50%,
904,"Jun 17, 2016",239.90,236.90,240.47,236.90,8.98M,1.39%,
905,"Jun 16, 2016",236.60,239.60,239.60,234.07,8.72M,-1.29%,
906,"Jun 15, 2016",239.70,236.00,240.00,235.83,9.52M,1.77%,
907,"Jun 14, 2016",235.53,233.93,236.00,231.87,7.56M,0.97%,
908,"Jun 13, 2016",233.27,232.40,235.70,230.43,11.73M,-0.23%,
909,"Jun 10, 2016",233.80,235.37,239.10,233.37,10.75M,-0.96%,
910,"Jun 09, 2016",236.07,241.73,241.97,235.07,11.62M,-2.40%,
911,"Jun 08, 2016",241.87,242.67,243.33,240.47,7.33M,0.02%,
912,"Jun 07, 2016",241.83,238.00,242.50,238.00,10.60M,2.01%,
913,"Jun 06, 2016",237.07,235.80,237.97,234.23,7.41M,0.48%,
914,"Jun 03, 2016",235.93,239.90,239.90,235.03,7.11M,-1.15%,
915,"Jun 02, 2016",238.67,239.90,240.33,235.47,13.20M,-0.94%,
916,"Jun 01, 2016",240.93,235.33,241.47,235.33,11.95M,2.95%,
917,"May 31, 2016",234.03,237.33,239.63,232.83,14.50M,-1.53%,
918,"May 30, 2016",237.67,235.60,239.00,235.20,7.36M,-0.22%,D
919,"May 27, 2016",238.20,240.62,241.25,236.15,10.52M,-0.87%,
920,"May 26, 2016",240.29,236.01,241.32,234.42,12.59M,1.80%,
921,"May 25, 2016",236.05,232.30,236.97,231.94,9.96M,2.30%,
922,"May 24, 2016",230.74,230.71,233.23,229.81,15.67M,0.34%,
923,"May 23, 2016",229.95,231.80,235.02,225.07,52.82M,5.00%,
924,"May 20, 2016",219.01,216.62,224.54,215.33,20.26M,1.69%,E
925,"May 19, 2016",215.36,221.43,221.43,213.80,8.59M,-2.36%,
926,"May 18, 2016",220.57,217.18,221.96,215.99,7.62M,0.67%,
927,"May 17, 2016",219.11,218.78,221.06,217.91,11.98M,0.33%,
928,"May 16, 2016",218.38,211.02,218.78,210.22,12.97M,3.15%,
929,"May 13, 2016",211.72,210.82,213.27,208.93,9.44M,0.37%,
930,"May 12, 2016",210.95,211.52,212.88,208.90,5.57M,0.06%,
931,"May 11, 2016",210.82,212.15,213.31,209.56,10.74M,-1.70%,
932,"May 10, 2016",214.47,215.46,216.12,213.27,8.25M,-0.40%,
933,"May 09, 2016",215.33,212.15,216.06,211.81,8.53M,2.24%,
934,"May 06, 2016",210.62,207.47,211.75,202.86,15.58M,0.01%,
935,"May 05, 2016",210.59,206.84,212.34,206.58,6.33M,1.60%,
936,"May 04, 2016",207.27,208.83,211.81,205.62,6.17M,-1.08%,
937,"May 03, 2016",209.53,213.21,214.43,208.17,10.71M,-1.59%,
938,"May 02, 2016",212.91,214.30,214.80,211.75,3.26M,-1.17%,
939,"Apr 29, 2016",215.43,214.23,216.19,212.21,10.33M,0.64%,
940,"Apr 28, 2016",214.07,218.78,220.10,213.17,19.47M,-3.19%,
941,"Apr 27, 2016",221.13,216.16,221.76,216.16,9.32M,1.88%,
942,"Apr 26, 2016",217.05,207.64,217.68,207.17,14.47M,2.01%,
943,"Apr 25, 2016",212.78,213.01,215.79,212.41,6.09M,-1.49%,
944,"Apr 22, 2016",215.99,216.09,219.54,215.10,6.27M,-1.26%,
945,"Apr 21, 2016",218.74,222.49,223.08,217.18,6.94M,-1.65%,
946,"Apr 20, 2016",222.42,222.32,224.28,220.50,9.00M,0.03%,
947,"Apr 18, 2016",222.36,222.09,224.31,219.47,14.20M,1.26%,
948,"Apr 13, 2016",219.60,215.46,220.57,215.13,11.94M,2.74%,
949,"Apr 12, 2016",213.74,215.46,215.89,212.81,5.96M,-1.48%,
950,"Apr 11, 2016",216.95,213.47,217.65,210.16,13.83M,1.88%,
951,"Apr 08, 2016",212.94,211.81,213.77,211.48,4.80M,0.55%,
952,"Apr 07, 2016",211.78,216.79,216.79,211.48,10.03M,-1.98%,
953,"Apr 06, 2016",216.06,216.69,218.05,215.46,6.64M,-0.17%,
954,"Apr 05, 2016",216.42,217.52,219.01,214.93,8.63M,-1.29%,
955,"Apr 04, 2016",219.24,216.79,220.76,216.16,13.68M,-1.59%,
956,"Apr 01, 2016",222.79,216.19,223.28,215.79,14.30M,2.38%,
957,"Mar 31, 2016",217.62,215.99,220.43,215.39,27.47M,0.28%,
958,"Mar 30, 2016",217.02,212.54,218.28,212.54,13.90M,2.30%,
959,"Mar 29, 2016",212.15,212.91,216.82,211.48,18.01M,-0.76%,
960,"Mar 28, 2016",213.77,216.79,218.64,212.34,16.44M,-0.55%,
961,"Mar 23, 2016",214.96,215.46,215.53,212.38,15.42M,0.34%,
962,"Mar 22, 2016",214.23,217.78,219.31,213.64,19.05M,-2.51%,
963,"Mar 21, 2016",219.74,216.62,222.89,216.29,16.16M,2.06%,
964,"Mar 18, 2016",215.30,215.73,216.65,213.47,13.85M,0.34%,
965,"Mar 17, 2016",214.57,214.30,215.46,213.14,12.55M,0.50%,
966,"Mar 16, 2016",213.51,209.86,214.40,209.49,9.37M,1.75%,
967,"Mar 15, 2016",209.83,216.12,216.12,208.83,15.61M,-2.63%,
968,"Mar 14, 2016",215.49,213.80,216.12,213.47,7.42M,1.16%,
969,"Mar 11, 2016",213.01,209.56,213.47,208.83,11.70M,1.65%,
970,"Mar 10, 2016",209.56,211.98,213.34,207.41,13.40M,-1.19%,
971,"Mar 09, 2016",212.08,210.16,212.61,207.31,20.13M,-0.11%,
972,"Mar 08, 2016",212.31,209.49,214.80,209.49,12.62M,1.60%,
973,"Mar 04, 2016",208.96,212.15,213.31,208.67,11.38M,-0.93%,
974,"Mar 03, 2016",210.92,214.13,215.46,209.99,9.85M,-0.44%,
975,"Mar 02, 2016",211.85,217.45,221.36,211.12,23.77M,-1.78%,
976,"Mar 01, 2016",215.69,202.20,216.79,202.20,64.90M,10.05%,
977,"Feb 29, 2016",196.00,192.26,199.98,177.67,76.49M,1.61%,
978,"Feb 26, 2016",192.89,191.59,193.58,189.04,12.01M,1.66%,
979,"Feb 25, 2016",189.74,188.68,192.46,188.28,14.57M,-0.49%,
980,"Feb 24, 2016",190.67,194.25,195.84,189.61,13.82M,-2.11%,
981,"Feb 23, 2016",194.78,197.53,197.53,194.01,8.86M,-2.02%,
982,"Feb 22, 2016",198.79,200.64,200.64,194.51,14.70M,-1.54%,
983,"Feb 19, 2016",201.90,202.20,202.93,199.55,6.93M,-0.30%,
984,"Feb 18, 2016",202.50,199.88,203.33,199.45,9.39M,1.87%,
985,"Feb 17, 2016",198.79,196.57,200.08,191.63,13.09M,1.48%,
986,"Feb 16, 2016",195.90,201.87,202.86,194.68,10.58M,-2.70%,
987,"Feb 15, 2016",201.34,200.88,202.86,197.83,12.02M,1.20%,
988,"Feb 12, 2016",198.95,198.36,202.30,198.12,13.20M,0.52%,
989,"Feb 11, 2016",197.93,205.98,205.98,197.20,14.04M,-3.38%,
990,"Feb 10, 2016",204.85,206.91,207.47,203.53,7.87M,-1.09%,
991,"Feb 09, 2016",207.11,207.67,208.00,205.35,11.47M,-0.90%,
992,"Feb 08, 2016",209.00,215.33,215.39,208.33,6.27M,-2.68%,
993,"Feb 05, 2016",214.76,214.13,216.09,213.47,6.50M,0.67%,
994,"Feb 04, 2016",213.34,213.74,215.20,212.81,3.19M,-0.05%,
995,"Feb 03, 2016",213.44,213.31,214.96,211.88,4.92M,-0.71%,
996,"Feb 02, 2016",214.96,214.73,216.06,213.11,7.07M,-0.16%,
997,"Feb 01, 2016",215.30,211.25,215.46,208.73,7.35M,1.42%,
998,"Jan 29, 2016",212.28,214.04,216.12,210.06,12.50M,0.52%,
999,"Jan 28, 2016",211.18,207.31,213.37,206.61,13.89M,1.79%,
1000,"Jan 27, 2016",207.47,205.15,208.30,203.49,8.51M,1.15%,
1001,"Jan 25, 2016",205.12,202.43,206.74,201.57,9.33M,0.21%,
1002,"Jan 22, 2016",204.69,204.85,207.34,200.61,15.24M,0.77%,E
1003,"Jan 21, 2016",203.13,206.61,206.61,201.31,12.56M,-0.83%,
1004,"Jan 20, 2016",204.82,205.78,212.15,202.20,9.64M,-1.62%,
1005,"Jan 19, 2016",208.20,209.00,210.49,206.81,6.84M,-0.43%,
1006,"Jan 18, 2016",209.10,208.10,211.25,207.67,11.83M,0.48%,
1007,"Jan 15, 2016",208.10,208.90,210.42,207.04,7.98M,-1.06%,
1008,"Jan 14, 2016",210.32,207.94,211.32,207.01,11.49M,0.47%,
1009,"Jan 13, 2016",209.33,210.39,212.41,208.60,6.86M,0.19%,
1010,"Jan 12, 2016",208.93,209.00,210.09,207.17,6.95M,-0.29%,
1011,"Jan 11, 2016",209.53,205.52,210.02,205.35,6.88M,0.76%,
1012,"Jan 08, 2016",207.94,206.31,210.16,205.35,9.84M,1.31%,
1013,"Jan 07, 2016",205.25,208.04,208.04,204.62,11.81M,-1.75%,
1014,"Jan 06, 2016",208.90,216.79,216.79,208.53,15.23M,-3.00%,
1015,"Jan 05, 2016",215.36,215.53,216.39,214.83,5.82M,-0.08%,
1016,"Jan 04, 2016",215.53,215.79,216.19,213.17,5.91M,-0.73%,
1017,"Jan 01, 2016",217.12,217.18,218.11,215.89,1.48M,-0.09%,
1018,"Dec 31, 2015",217.32,215.79,218.78,214.37,8.03M,0.38%,
1019,"Dec 30, 2015",216.49,216.46,217.12,214.96,4.80M,0.52%,
1020,"Dec 29, 2015",215.36,216.42,217.45,214.37,4.44M,-0.42%,
1021,"Dec 28, 2015",216.26,213.94,216.82,213.77,9.08M,0.77%,
1022,"Dec 24, 2015",214.60,214.13,215.30,212.54,3.66M,0.68%,
1023,"Dec 23, 2015",213.14,213.47,214.80,212.15,5.27M,0.39%,
1024,"Dec 22, 2015",212.31,215.49,215.79,211.81,6.09M,-1.93%,
1025,"Dec 21, 2015",216.49,212.15,217.09,210.19,8.04M,2.98%,
1026,"Dec 18, 2015",210.22,212.74,214.13,209.76,14.23M,-1.06%,
1027,"Dec 17, 2015",212.48,211.95,213.31,209.69,8.68M,0.39%,
1028,"Dec 16, 2015",211.65,214.13,215.23,210.89,7.80M,-1.14%,
1029,"Dec 15, 2015",214.10,212.15,214.73,210.82,10.09M,0.89%,
1030,"Dec 14, 2015",212.21,212.15,213.74,210.26,7.29M,-0.28%,
1031,"Dec 11, 2015",212.81,212.81,213.77,209.10,9.01M,-0.08%,
1032,"Dec 10, 2015",212.97,210.49,213.31,210.16,8.33M,1.21%,
1033,"Dec 09, 2015",210.42,211.81,211.81,209.00,15.07M,0.84%,
1034,"Dec 08, 2015",208.67,206.18,210.95,205.91,19.00M,0.38%,
1035,"Dec 07, 2015",207.87,222.09,222.69,205.88,50.87M,-6.67%,
1036,"Dec 04, 2015",222.72,226.27,226.57,222.09,13.62M,-2.16%,
1037,"Dec 03, 2015",227.63,229.45,230.64,226.93,5.59M,-1.73%,
1038,"Dec 02, 2015",231.64,229.38,231.87,227.00,4.64M,0.91%,
1039,"Dec 01, 2015",229.55,228.85,230.05,226.07,10.13M,1.08%,
1040,"Nov 30, 2015",227.10,227.53,229.91,225.77,17.26M,-0.52%,
1041,"Nov 27, 2015",228.29,228.32,228.72,224.64,5.68M,0.45%,
1042,"Nov 26, 2015",227.26,222.85,228.72,221.99,9.42M,2.05%,
1043,"Nov 24, 2015",222.69,224.84,225.14,220.30,13.09M,-0.40%,
1044,"Nov 23, 2015",223.58,227.63,228.62,222.92,8.99M,-2.09%,
1045,"Nov 20, 2015",228.36,233.53,233.53,227.46,9.86M,-2.16%,
1046,"Nov 19, 2015",233.39,232.03,234.02,231.24,16.94M,1.21%,
1047,"Nov 18, 2015",230.61,232.70,232.80,228.12,9.97M,-0.36%,
1048,"Nov 17, 2015",231.44,226.86,232.20,224.81,11.57M,3.19%,
1049,"Nov 16, 2015",224.28,218.78,224.74,218.51,8.77M,2.58%,
1050,"Nov 13, 2015",218.64,219.04,221.29,216.85,18.63M,-1.33%,
1051,"Nov 11, 2015",221.59,224.68,224.74,220.83,793.04K,-0.74%,
1052,"Nov 10, 2015",223.25,225.94,228.75,222.19,7.23M,-1.84%,
1053,"Nov 09, 2015",227.43,219.77,228.06,219.01,12.00M,1.59%,
1054,"Nov 06, 2015",223.88,222.52,225.04,222.09,4.46M,0.16%,
1055,"Nov 05, 2015",223.52,221.43,224.87,220.93,5.39M,0.44%,
1056,"Nov 04, 2015",222.55,223.32,224.21,221.43,4.98M,0.25%,
1057,"Nov 03, 2015",221.99,223.28,224.68,220.63,3.91M,-0.70%,
1058,"Nov 02, 2015",223.55,220.76,225.21,218.74,10.33M,0.76%,
1059,"Oct 30, 2015",221.86,233.00,233.00,219.37,27.78M,-4.38%,
1060,"Oct 29, 2015",232.03,235.42,236.01,230.11,7.64M,-1.47%,E
1061,"Oct 28, 2015",235.48,234.92,237.97,234.69,9.71M,-0.22%,
1062,"Oct 27, 2015",236.01,235.15,236.64,234.19,14.94M,-0.14%,
1063,"Oct 26, 2015",236.34,237.90,238.53,235.35,7.90M,-0.52%,
1064,"Oct 23, 2015",237.57,232.10,237.97,232.10,8.72M,2.81%,
1065,"Oct 21, 2015",231.07,231.44,232.03,230.48,5.47M,-0.03%,
1066,"Oct 20, 2015",231.14,232.37,232.86,230.58,7.39M,-0.67%,
1067,"Oct 19, 2015",232.70,230.71,233.36,228.85,11.19M,0.63%,
1068,"Oct 16, 2015",231.24,230.74,232.03,227.73,9.64M,-0.17%,
1069,"Oct 15, 2015",231.64,228.06,233.63,227.82,9.50M,1.54%,
1070,"Oct 14, 2015",228.12,228.19,229.15,227.06,9.08M,0.01%,
1071,"Oct 13, 2015",228.09,225.41,229.32,225.17,7.01M,0.97%,
1072,"Oct 12, 2015",225.90,227.43,230.97,224.64,6.07M,-0.79%,
1073,"Oct 09, 2015",227.69,226.00,228.59,225.54,5.53M,1.28%,
1074,"Oct 08, 2015",224.81,229.88,229.88,222.36,9.37M,-2.35%,
1075,"Oct 07, 2015",230.21,228.02,232.03,226.93,10.71M,1.28%,
1076,"Oct 06, 2015",227.29,220.10,227.82,217.98,10.72M,4.05%,
1077,"Oct 05, 2015",218.44,218.78,219.77,216.65,9.32M,0.22%,
1078,"Oct 01, 2015",217.95,216.82,221.33,216.82,6.21M,-0.01%,
1079,"Sep 30, 2015",217.98,213.47,218.68,212.15,13.46M,2.62%,
1080,"Sep 29, 2015",212.41,211.45,215.46,210.16,8.30M,0.36%,
1081,"Sep 28, 2015",211.65,214.23,215.46,211.09,6.36M,-1.02%,
1082,"Sep 24, 2015",213.84,208.70,214.37,208.50,14.12M,2.04%,
1083,"Sep 23, 2015",209.56,203.53,211.52,203.53,11.65M,1.27%,
1084,"Sep 22, 2015",206.94,209.43,210.99,205.52,14.94M,-0.67%,
1085,"Sep 21, 2015",208.33,209.76,210.36,207.77,6.80M,-1.18%,
1086,"Sep 18, 2015",210.82,215.46,217.45,208.67,12.83M,-1.29%,
1087,"Sep 16, 2015",213.57,211.25,214.04,210.29,5.59M,1.50%,
1088,"Sep 15, 2015",210.42,207.51,210.75,207.17,5.17M,1.19%,
1089,"Sep 14, 2015",207.94,208.00,208.96,206.58,7.47M,-0.03%,
1090,"Sep 11, 2015",208.00,208.63,209.59,206.94,6.71M,0.13%,
1091,"Sep 10, 2015",207.74,206.18,209.36,205.75,8.97M,-0.33%,
1092,"Sep 09, 2015",208.43,209.00,209.76,207.41,6.12M,0.48%,
1093,"Sep 08, 2015",207.44,207.57,209.23,205.72,10.24M,-0.17%,
1094,"Sep 07, 2015",207.80,209.69,211.81,206.28,7.11M,-1.15%,
1095,"Sep 04, 2015",210.22,212.15,213.14,208.67,15.72M,-0.91%,
1096,"Sep 03, 2015",212.15,211.72,215.26,211.55,10.09M,-0.03%,
1097,"Sep 02, 2015",212.21,211.42,214.17,208.93,13.01M,1.47%,
1098,"Sep 01, 2015",209.13,213.80,214.73,208.37,9.47M,-2.98%,
1099,"Aug 31, 2015",215.56,215.30,217.78,213.21,9.63M,-0.57%,
1100,"Aug 28, 2015",216.79,218.34,218.34,215.26,9.73M,0.40%,
1101,"Aug 27, 2015",215.92,214.47,217.15,209.73,20.04M,2.53%,
1102,"Aug 26, 2015",210.59,210.55,212.71,207.90,16.16M,-0.70%,
1103,"Aug 25, 2015",212.08,213.51,216.22,207.17,21.28M,-0.09%,
1104,"Aug 24, 2015",212.28,212.84,218.44,209.23,16.49M,-3.19%,
1105,"Aug 21, 2015",219.27,218.08,219.64,213.97,17.77M,0.43%,
1106,"Aug 20, 2015",218.34,210.89,219.01,209.73,18.01M,3.93%,
1107,"Aug 19, 2015",210.09,208.17,210.82,204.85,7.37M,0.65%,
1108,"Aug 18, 2015",208.73,209.83,211.22,207.24,9.08M,-0.65%,
1109,"Aug 17, 2015",210.09,211.68,212.01,209.16,4.33M,-0.39%,
1110,"Aug 14, 2015",210.92,210.49,212.31,208.57,7.60M,0.57%,
1111,"Aug 13, 2015",209.73,210.42,211.95,200.88,6.64M,-0.12%,
1112,"Aug 12, 2015",209.99,212.15,212.15,209.49,11.93M,-1.05%,
1113,"Aug 11, 2015",212.21,212.21,213.41,209.73,5.32M,-0.27%,
1114,"Aug 10, 2015",212.78,215.13,216.95,211.72,5.58M,-1.08%,
1115,"Aug 07, 2015",215.10,214.80,215.86,213.47,4.47M,-0.55%,
1116,"Aug 06, 2015",216.29,219.14,219.44,214.80,8.46M,-1.67%,
1117,"Aug 05, 2015",219.97,218.71,220.80,216.52,5.71M,0.58%,
1118,"Aug 04, 2015",218.71,219.74,219.80,215.16,9.94M,-0.50%,
1119,"Aug 03, 2015",219.80,216.12,221.10,215.53,14.35M,1.70%,
1120,"Jul 31, 2015",216.12,210.79,217.05,209.03,16.32M,3.18%,
1121,"Jul 30, 2015",209.46,201.54,210.72,198.89,19.97M,3.93%,E
1122,"Jul 29, 2015",201.54,206.18,206.84,199.28,9.36M,-2.31%,
1123,"Jul 28, 2015",206.31,206.81,208.10,205.22,6.54M,-0.15%,
1124,"Jul 27, 2015",206.61,206.51,207.74,205.38,5.12M,-0.92%,
1125,"Jul 24, 2015",208.53,208.83,209.23,207.17,4.04M,-0.18%,
1126,"Jul 23, 2015",208.90,208.90,210.46,206.84,5.42M,0.19%,
1127,"Jul 22, 2015",208.50,206.91,210.79,205.98,7.76M,0.35%,
1128,"Jul 21, 2015",207.77,212.48,213.77,207.17,6.81M,-2.22%,
1129,"Jul 20, 2015",212.48,213.34,214.43,211.62,4.76M,-0.56%,
1130,"Jul 17, 2015",213.67,211.18,214.73,210.59,5.91M,1.37%,
1131,"Jul 16, 2015",210.79,208.70,212.08,207.04,5.62M,1.26%,
1132,"Jul 15, 2015",208.17,206.41,208.96,206.41,5.48M,0.55%,
1133,"Jul 14, 2015",207.04,208.14,209.83,205.95,5.26M,-0.73%,
1134,"Jul 13, 2015",208.57,207.51,209.76,204.82,6.38M,1.52%,
1135,"Jul 10, 2015",205.45,204.85,206.64,203.23,7.22M,-0.22%,
1136,"Jul 09, 2015",205.91,207.37,208.76,205.42,6.46M,-0.75%,
1137,"Jul 08, 2015",207.47,208.93,209.49,205.12,11.18M,-1.39%,
1138,"Jul 07, 2015",210.39,211.25,211.68,209.56,7.31M,-0.33%,
1139,"Jul 06, 2015",211.09,207.44,211.25,206.84,4.26M,0.89%,
1140,"Jul 03, 2015",209.23,208.37,210.09,207.07,4.93M,0.18%,
1141,"Jul 02, 2015",208.86,208.23,210.36,207.84,6.32M,0.46%,
1142,"Jul 01, 2015",207.90,209.00,209.76,207.17,8.52M,-0.49%,
1143,"Jun 30, 2015",208.93,205.65,210.06,204.22,11.21M,1.68%,
1144,"Jun 29, 2015",205.48,202.33,206.15,201.37,9.36M,0.65%,
1145,"Jun 26, 2015",204.16,207.07,207.07,203.56,5.30M,-1.41%,
1146,"Jun 25, 2015",207.07,205.91,209.13,205.35,10.48M,-0.42%,
1147,"Jun 24, 2015",207.94,208.96,210.89,206.21,7.10M,-0.28%,
1148,"Jun 23, 2015",208.53,205.78,208.83,203.93,7.30M,1.34%,
1149,"Jun 22, 2015",205.78,203.00,206.94,202.00,6.93M,1.77%,
1150,"Jun 19, 2015",202.20,200.74,202.50,200.48,8.43M,1.02%,
1151,"Jun 18, 2015",200.15,199.68,201.80,199.02,10.88M,0.27%,
1152,"Jun 17, 2015",199.62,197.89,200.94,197.06,10.48M,0.72%,
1153,"Jun 16, 2015",198.19,197.56,198.99,195.74,7.93M,0.15%,
1154,"Jun 15, 2015",197.89,196.90,200.71,194.91,8.36M,0.32%,
1155,"Jun 12, 2015",197.26,196.77,198.99,195.57,8.33M,0.17%,
1156,"Jun 11, 2015",196.93,200.21,200.21,195.70,11.09M,-1.35%,
1157,"Jun 10, 2015",199.62,199.28,201.14,197.96,9.50M,0.17%,
1158,"Jun 09, 2015",199.28,200.15,200.88,198.69,9.91M,-1.23%,
1159,"Jun 08, 2015",201.77,203.53,204.36,200.38,10.29M,0.01%,
1160,"Jun 05, 2015",201.74,199.85,204.12,195.57,16.95M,0.90%,
1161,"Jun 04, 2015",199.95,202.20,203.30,197.69,11.01M,-0.92%,
1162,"Jun 03, 2015",201.80,208.04,208.07,199.28,20.67M,-4.47%,D
1163,"Jun 02, 2015",211.25,218.05,218.31,210.55,10.85M,-4.03%,
1164,"Jun 01, 2015",220.13,215.79,221.26,215.79,10.06M,1.51%,
1165,"May 29, 2015",216.85,213.47,218.74,211.25,19.80M,1.75%,
1166,"May 28, 2015",213.11,210.89,213.77,209.83,20.00M,1.18%,
1167,"May 27, 2015",210.62,208.83,211.32,208.17,9.13M,1.18%,
1168,"May 26, 2015",208.17,210.49,210.49,207.34,11.02M,-0.88%,
1169,"May 25, 2015",210.02,213.11,215.13,209.76,23.43M,-3.75%,
1170,"May 22, 2015",218.21,218.11,220.93,215.76,12.48M,0.53%,E
1171,"May 21, 2015",217.05,220.76,221.03,216.12,7.18M,-1.37%,
1172,"May 20, 2015",220.07,220.43,221.56,219.11,5.16M,-0.18%,
1173,"May 19, 2015",220.47,219.94,222.69,219.27,8.57M,-0.13%,
1174,"May 18, 2015",220.76,216.99,221.36,216.29,6.91M,2.02%,
1175,"May 15, 2015",216.39,215.53,217.38,215.36,5.45M,0.52%,
1176,"May 14, 2015",215.26,216.79,216.79,213.74,8.04M,-0.96%,
1177,"May 13, 2015",217.35,216.69,218.64,212.81,10.63M,1.11%,
1178,"May 12, 2015",214.96,217.12,217.45,214.20,14.30M,-0.67%,
1179,"May 11, 2015",216.42,218.78,219.27,215.06,8.80M,-0.47%,
1180,"May 08, 2015",217.45,215.83,218.31,213.90,12.16M,1.69%,
1181,"May 07, 2015",213.84,211.15,214.60,209.23,10.60M,1.32%,
1182,"May 06, 2015",211.05,216.12,217.35,209.63,20.21M,-2.42%,
1183,"May 05, 2015",216.29,217.85,218.11,214.53,13.46M,-1.20%,
1184,"May 04, 2015",218.91,214.40,219.37,212.21,7.21M,2.44%,
1185,"Apr 30, 2015",213.70,217.32,217.71,212.94,20.04M,-1.77%,
1186,"Apr 29, 2015",217.55,222.12,222.75,216.99,10.09M,-2.78%,
1187,"Apr 28, 2015",223.78,228.65,228.72,221.16,10.69M,-2.12%,
1188,"Apr 27, 2015",228.62,231.31,233.23,228.19,9.37M,-0.89%,
1189,"Apr 24, 2015",230.68,226.73,232.00,226.17,17.32M,1.71%,
1190,"Apr 23, 2015",226.80,227.66,229.71,224.28,8.92M,-0.38%,
1191,"Apr 22, 2015",227.66,225.41,228.72,224.44,10.77M,0.42%,
1192,"Apr 21, 2015",226.70,226.63,231.17,226.07,10.89M,0.02%,
1193,"Apr 20, 2015",226.66,233.43,233.43,225.80,11.28M,-2.83%,
1194,"Apr 17, 2015",233.26,232.37,234.19,230.51,8.81M,0.50%,
1195,"Apr 16, 2015",232.10,233.92,236.28,229.81,7.87M,-1.37%,
1196,"Apr 15, 2015",235.32,234.69,237.74,232.96,17.49M,0.98%,
1197,"Apr 13, 2015",233.03,230.05,233.63,228.62,10.89M,1.40%,
1198,"Apr 10, 2015",229.81,230.05,230.44,226.90,5.59M,-0.15%,
1199,"Apr 09, 2015",230.15,229.98,231.34,228.06,7.67M,0.26%,
1200,"Apr 08, 2015",229.55,226.73,230.01,226.40,12.38M,1.66%,
1201,"Apr 07, 2015",225.80,226.13,227.39,223.42,10.55M,-0.12%,
1202,"Apr 06, 2015",226.07,218.34,226.50,218.18,19.32M,2.57%,
1203,"Apr 01, 2015",220.40,216.02,220.76,214.90,10.84M,2.03%,
1204,"Mar 31, 2015",216.02,217.98,217.98,214.80,12.28M,-0.52%,
1205,"Mar 30, 2015",217.15,211.91,218.44,211.91,16.52M,3.16%,
1206,"Mar 27, 2015",210.49,214.80,215.63,208.90,21.40M,-1.52%,
1207,"Mar 26, 2015",213.74,216.12,218.08,212.54,24.19M,-1.33%,
1208,"Mar 25, 2015",216.62,217.88,217.88,216.12,7.25M,0.06%,
1209,"Mar 24, 2015",216.49,216.85,218.64,216.12,10.72M,-0.26%,
1210,"Mar 23, 2015",217.05,216.36,218.64,215.46,11.39M,-0.02%,
1211,"Mar 20, 2015",217.09,221.23,221.23,216.39,10.57M,-1.77%,
1212,"Mar 19, 2015",221.00,224.41,225.97,219.77,10.46M,-0.98%,
1213,"Mar 18, 2015",223.18,226.23,226.23,222.75,8.76M,-0.99%,
1214,"Mar 17, 2015",225.41,225.07,225.84,222.92,10.94M,1.37%,
1215,"Mar 16, 2015",222.36,226.07,226.47,222.09,8.60M,-1.18%,
1216,"Mar 13, 2015",225.01,230.91,232.03,223.22,15.65M,-2.09%,
1217,"Mar 12, 2015",229.81,224.78,230.87,224.61,27.32M,2.50%,
1218,"Mar 11, 2015",224.21,225.64,225.87,223.78,12.70M,-0.10%,
1219,"Mar 10, 2015",224.44,225.41,227.20,222.16,13.04M,0.06%,
1220,"Mar 09, 2015",224.31,227.86,228.65,223.58,16.30M,-2.28%,
1221,"Mar 05, 2015",229.55,230.05,231.44,226.53,20.50M,0.58%,
1222,"Mar 04, 2015",228.22,228.72,232.57,227.33,32.17M,0.79%,
1223,"Mar 03, 2015",226.43,227.73,229.05,224.74,44.99M,-0.50%,
1224,"Mar 02, 2015",227.56,237.34,237.34,226.73,50.72M,-5.01%,
1225,"Feb 28, 2015",239.56,260.64,271.78,231.04,77.91M,-8.22%,
1226,"Feb 27, 2015",261.01,261.74,262.96,254.61,34.42M,-0.49%,
1227,"Feb 26, 2015",262.30,263.79,266.11,259.85,11.70M,-1.01%,
1228,"Feb 25, 2015",264.98,263.59,265.18,260.84,15.75M,1.01%,
1229,"Feb 24, 2015",262.33,259.88,263.86,257.66,8.24M,1.40%,
1230,"Feb 23, 2015",258.72,261.87,264.39,258.06,5.85M,-1.46%,
1231,"Feb 20, 2015",262.56,256.90,263.79,254.81,8.93M,1.74%,
1232,"Feb 19, 2015",258.06,260.51,261.01,254.31,6.98M,-1.02%,
1233,"Feb 18, 2015",260.71,255.24,266.51,255.24,13.67M,0.94%,
1234,"Feb 16, 2015",258.29,250.86,259.22,250.60,11.61M,3.06%,
1235,"Feb 13, 2015",250.63,246.09,251.43,245.33,9.03M,2.06%,
1236,"Feb 12, 2015",245.56,246.62,246.62,241.75,5.29M,-0.20%,
1237,"Feb 11, 2015",246.06,245.99,247.22,243.87,4.55M,0.34%,
1238,"Feb 10, 2015",245.23,244.03,246.62,243.24,8.01M,0.55%,
1239,"Feb 09, 2015",243.90,246.06,247.85,243.11,7.19M,-1.50%,
1240,"Feb 06, 2015",247.61,242.71,248.21,242.71,7.32M,1.25%,
1241,"Feb 05, 2015",244.56,242.58,246.69,241.12,9.48M,0.35%,
1242,"Feb 04, 2015",243.70,243.64,245.63,242.21,5.81M,0.42%,
1243,"Feb 03, 2015",242.68,239.63,243.30,239.63,6.30M,1.50%,
1244,"Feb 02, 2015",239.10,243.30,244.76,238.27,8.49M,-2.14%,
1245,"Jan 30, 2015",244.33,245.29,246.62,241.08,13.92M,-0.45%,
1246,"Jan 29, 2015",245.43,240.65,246.62,238.66,21.09M,2.18%,
1247,"Jan 28, 2015",240.19,238.66,240.95,237.04,12.32M,0.60%,
1248,"Jan 27, 2015",238.76,232.03,239.33,231.60,25.26M,3.06%,
1249,"Jan 23, 2015",231.67,234.32,235.98,231.24,16.75M,-0.34%,
1250,"Jan 22, 2015",232.47,234.02,238.53,231.27,29.63M,-0.58%,
1251,"Jan 21, 2015",233.82,247.25,247.25,231.50,32.45M,-4.96%,E
1252,"Jan 20, 2015",246.02,238.07,246.52,237.40,12.01M,3.43%,
1253,"Jan 19, 2015",237.87,238.66,239.82,236.01,6.85M,-0.36%,
1254,"Jan 16, 2015",238.73,237.64,239.96,234.92,10.81M,0.62%,
1255,"Jan 15, 2015",237.27,234.09,238.60,232.63,16.05M,2.90%,
1256,"Jan 14, 2015",230.58,238.47,238.47,229.45,16.22M,-3.41%,
1257,"Jan 13, 2015",238.73,237.60,239.79,236.87,11.62M,0.63%,
1258,"Jan 12, 2015",237.24,236.97,239.56,236.08,9.87M,0.27%,
1259,"Jan 09, 2015",236.61,240.72,242.54,234.09,10.81M,-1.52%,
1260,"Jan 08, 2015",240.26,235.65,240.89,235.65,8.45M,2.50%,
1261,"Jan 07, 2015",234.39,236.68,241.32,234.02,11.96M,-1.86%,
1262,"Jan 06, 2015",238.83,244.40,244.90,238.00,13.09M,-2.57%,
1263,"Jan 05, 2015",245.13,244.43,246.49,243.67,8.24M,0.39%,
1264,"Jan 02, 2015",244.17,243.47,245.39,243.47,6.60M,0.32%,
1265,"Jan 01, 2015",243.40,243.70,244.56,242.64,2.54M,-0.42%,
1266,"Dec 31, 2014",244.43,244.60,245.69,243.64,3.68M,0.11%,
1267,"Dec 30, 2014",244.17,245.46,246.26,243.50,3.16M,-0.42%,
1268,"Dec 29, 2014",245.19,243.37,246.26,243.30,3.31M,0.52%,
1269,"Dec 26, 2014",243.93,247.22,247.22,242.91,2.91M,-0.93%,
1270,"Dec 24, 2014",246.22,248.28,250.90,243.47,20.62M,-0.87%,
1271,"Dec 23, 2014",248.38,247.91,250.27,247.15,5.07M,0.15%,
1272,"Dec 22, 2014",248.01,245.03,250.73,244.63,16.79M,1.44%,
1273,"Dec 19, 2014",244.50,249.24,249.24,243.64,9.43M,-1.61%,
1274,"Dec 18, 2014",248.51,250.93,250.93,241.98,6.26M,0.82%,
1275,"Dec 17, 2014",246.49,250.30,255.04,243.04,15.64M,-2.31%,
1276,"Dec 16, 2014",252.32,257.89,258.55,250.53,13.55M,-3.04%,
1277,"Dec 15, 2014",260.24,261.87,264.98,259.51,8.57M,-0.80%,
1278,"Dec 12, 2014",262.33,262.53,265.38,260.54,8.71M,-0.23%,
1279,"Dec 11, 2014",262.93,261.87,264.49,258.88,10.81M,0.40%,
1280,"Dec 10, 2014",261.87,262.36,262.86,256.13,9.29M,0.16%,
1281,"Dec 09, 2014",261.44,264.19,265.18,259.75,13.88M,-0.86%,
1282,"Dec 08, 2014",263.72,260.67,264.98,260.08,15.08M,1.65%,
1283,"Dec 05, 2014",259.45,253.91,259.88,253.68,16.28M,2.14%,
1284,"Dec 04, 2014",254.01,247.32,254.58,247.32,26.68M,5.48%,
1285,"Dec 03, 2014",240.82,242.64,242.64,236.74,7.86M,-0.70%,
1286,"Dec 02, 2014",242.51,241.58,243.24,241.05,8.59M,0.33%,
1287,"Dec 01, 2014",241.71,240.09,243.27,240.09,8.22M,0.40%,
1288,"Nov 28, 2014",240.75,239.06,242.64,238.66,10.46M,0.71%,
1289,"Nov 27, 2014",239.06,240.09,240.95,235.52,15.98M,-0.77%,
1290,"Nov 26, 2014",240.92,237.67,242.84,237.40,21.44M,2.25%,
1291,"Nov 25, 2014",235.61,248.08,251.13,231.14,25.21M,-5.22%,
1292,"Nov 24, 2014",248.58,246.62,249.24,246.62,8.57M,-0.32%,
1293,"Nov 21, 2014",249.37,245.39,249.74,245.00,6.65M,1.65%,
1294,"Nov 20, 2014",245.33,244.63,246.22,244.03,5.06M,0.60%,
1295,"Nov 19, 2014",243.87,245.46,250.10,243.04,12.72M,-0.65%,
1296,"Nov 18, 2014",245.46,244.80,246.42,243.64,9.54M,0.01%,
1297,"Nov 17, 2014",245.43,244.63,246.26,241.71,5.99M,0.27%,
1298,"Nov 14, 2014",244.76,244.03,245.72,243.54,7.48M,0.23%,
1299,"Nov 13, 2014",244.20,245.86,245.86,242.87,4.85M,-0.31%,
1300,"Nov 12, 2014",244.96,241.48,245.29,241.42,6.65M,1.48%,
1301,"Nov 11, 2014",241.38,245.49,246.75,240.35,7.22M,-2.05%,
1302,"Nov 10, 2014",246.42,236.01,246.95,235.81,23.58M,4.51%,
1303,"Nov 07, 2014",235.78,237.57,239.00,234.02,9.34M,-0.97%,
1304,"Nov 05, 2014",238.10,235.81,238.53,235.68,7.59M,1.04%,
1305,"Nov 03, 2014",235.65,236.61,237.11,234.16,7.44M,0.07%,
1306,"Oct 31, 2014",235.48,236.58,238.66,233.53,14.77M,0.09%,E
1307,"Oct 30, 2014",235.28,234.09,237.17,233.03,14.85M,0.13%,
1308,"Oct 29, 2014",234.98,233.96,235.35,232.23,6.89M,1.23%,
1309,"Oct 28, 2014",232.13,232.86,233.23,231.27,4.91M,0.17%,
1310,"Oct 27, 2014",231.74,232.86,232.96,230.71,5.61M,-0.24%,
1311,"Oct 23, 2014",232.30,232.10,232.90,231.47,703.91K,0.40%,
1312,"Oct 22, 2014",231.37,233.66,234.02,231.04,8.14M,-0.67%,
1313,"Oct 21, 2014",232.93,233.43,233.96,230.71,6.48M,-0.18%,
1314,"Oct 20, 2014",233.36,235.35,237.24,232.57,8.04M,-0.55%,
1315,"Oct 17, 2014",234.65,233.29,238.60,232.93,11.28M,0.42%,
1316,"Oct 16, 2014",233.66,228.72,234.36,227.69,12.75M,1.57%,
1317,"Oct 14, 2014",230.05,232.40,233.36,227.73,7.81M,-1.01%,
1318,"Oct 13, 2014",232.40,233.96,233.96,230.18,5.51M,-0.72%,
1319,"Oct 10, 2014",234.09,241.71,242.18,233.59,5.17M,-3.39%,
1320,"Oct 09, 2014",242.31,242.68,244.17,241.22,5.98M,-0.05%,
1321,"Oct 08, 2014",242.44,240.65,243.93,240.16,8.34M,0.81%,
1322,"Oct 07, 2014",240.49,240.45,242.91,237.40,9.72M,-0.37%,
1323,"Oct 01, 2014",241.38,245.29,245.29,240.89,3.94M,-1.65%,
1324,"Sep 30, 2014",245.43,241.58,246.88,240.65,9.82M,1.12%,
1325,"Sep 29, 2014",242.71,245.76,247.22,241.65,3.01M,-1.51%,
1326,"Sep 26, 2014",246.42,248.31,249.57,244.37,10.18M,-1.31%,
1327,"Sep 25, 2014",249.70,250.27,251.86,246.82,13.12M,-0.15%,
1328,"Sep 24, 2014",250.07,245.69,251.26,245.56,10.12M,1.73%,
1329,"Sep 23, 2014",245.82,245.29,248.54,243.84,13.68M,0.01%,
1330,"Sep 22, 2014",245.79,238.00,246.62,236.94,12.63M,3.16%,
1331,"Sep 19, 2014",238.27,237.34,239.19,234.82,8.33M,0.20%,
1332,"Sep 18, 2014",237.80,235.42,238.00,234.16,6.35M,1.11%,
1333,"Sep 17, 2014",235.18,234.36,237.67,233.23,9.33M,0.45%,
1334,"Sep 16, 2014",234.12,233.10,235.55,232.03,7.80M,0.41%,
1335,"Sep 15, 2014",233.16,234.98,235.35,232.03,6.35M,-1.11%,
1336,"Sep 12, 2014",235.78,232.83,237.31,232.80,8.15M,1.27%,
1337,"Sep 11, 2014",232.83,232.73,233.99,231.70,8.81M,0.04%,
1338,"Sep 10, 2014",232.73,236.68,236.68,232.53,10.11M,-2.00%,
1339,"Sep 09, 2014",237.47,232.70,238.40,232.70,5.79M,1.20%,
1340,"Sep 08, 2014",234.65,234.02,235.35,232.20,6.32M,0.89%,
1341,"Sep 05, 2014",232.57,232.43,233.36,230.94,7.31M,0.12%,
1342,"Sep 04, 2014",232.30,231.77,233.92,231.44,8.79M,0.43%,
1343,"Sep 03, 2014",231.31,235.55,235.81,230.91,9.83M,-1.63%,
1344,"Sep 02, 2014",235.15,232.37,236.15,231.37,7.34M,1.18%,
1345,"Sep 01, 2014",232.40,237.34,237.34,231.80,7.07M,-1.34%,
1346,"Aug 28, 2014",235.55,233.36,236.68,233.26,12.61M,0.84%,
1347,"Aug 27, 2014",233.59,234.45,235.28,232.93,7.14M,-0.03%,
1348,"Aug 26, 2014",233.66,232.00,234.55,231.74,5.94M,0.90%,
1349,"Aug 25, 2014",231.57,229.85,232.03,227.79,4.05M,1.65%,
1350,"Aug 22, 2014",227.82,229.55,230.61,226.43,6.86M,-0.72%,
1351,"Aug 21, 2014",229.48,228.69,230.71,228.22,6.00M,0.35%,
1352,"Aug 20, 2014",228.69,232.70,232.70,227.99,6.84M,-1.05%,
1353,"Aug 19, 2014",231.11,232.70,233.59,230.28,7.75M,-0.59%,
1354,"Aug 18, 2014",232.47,235.08,235.35,229.75,6.96M,-1.74%,
1355,"Aug 14, 2014",236.58,236.58,239.89,235.35,6.62M,-0.12%,
1356,"Aug 13, 2014",236.87,231.70,237.34,230.38,10.39M,2.95%,
1357,"Aug 12, 2014",230.08,231.84,231.84,227.73,4.19M,-0.19%,
1358,"Aug 11, 2014",230.51,232.37,233.26,229.42,5.39M,-0.24%,
1359,"Aug 08, 2014",231.07,228.89,231.70,227.53,4.23M,0.66%,
1360,"Aug 07, 2014",229.55,229.61,232.47,227.69,4.74M,0.06%,
1361,"Aug 06, 2014",229.42,234.95,235.58,228.12,7.37M,-2.79%,
1362,"Aug 05, 2014",236.01,236.01,236.81,231.07,4.79M,0.42%,
1363,"Aug 04, 2014",235.02,234.69,235.35,231.57,6.24M,1.42%,
1364,"Aug 01, 2014",231.74,236.01,237.31,230.81,9.19M,-1.83%,
1365,"Jul 31, 2014",236.05,237.34,238.66,234.69,9.88M,-0.89%,
1366,"Jul 30, 2014",238.17,238.93,241.65,237.27,11.41M,0.57%,
1367,"Jul 28, 2014",236.81,235.52,237.50,235.08,4.33M,-0.03%,
1368,"Jul 25, 2014",236.87,236.68,238.13,233.63,8.18M,0.24%,
1369,"Jul 24, 2014",236.31,234.69,236.74,233.69,6.05M,0.79%,
1370,"Jul 23, 2014",234.45,234.36,235.35,231.47,7.75M,0.21%,
1371,"Jul 22, 2014",233.96,232.70,234.59,231.84,7.85M,0.87%,
1372,"Jul 21, 2014",231.94,228.72,232.03,228.12,7.87M,1.67%,
1373,"Jul 18, 2014",228.12,227.39,230.05,226.53,5.87M,-0.04%,
1374,"Jul 17, 2014",228.22,227.46,229.38,227.13,5.50M,0.01%,
1375,"Jul 16, 2014",228.19,226.53,228.85,225.41,8.28M,0.54%,
1376,"Jul 15, 2014",226.96,229.05,230.68,226.33,5.69M,-0.76%,
1377,"Jul 14, 2014",228.69,230.21,231.57,226.27,6.66M,-0.27%,
1378,"Jul 11, 2014",229.32,228.72,232.37,227.39,13.90M,1.10%,
1379,"Jul 10, 2014",226.83,225.77,231.37,223.42,40.86M,0.19%,
1380,"Jul 09, 2014",226.40,223.08,227.39,222.55,25.29M,1.70%,
1381,"Jul 08, 2014",222.62,221.43,223.71,219.77,15.22M,0.30%,
1382,"Jul 07, 2014",221.96,221.03,222.75,218.58,16.40M,0.42%,
1383,"Jul 04, 2014",221.03,220.23,222.16,218.74,10.31M,0.62%,
1384,"Jul 03, 2014",219.67,218.44,220.53,217.98,9.74M,0.61%,
1385,"Jul 02, 2014",218.34,216.22,218.91,215.79,8.96M,1.28%,
1386,"Jul 01, 2014",215.59,217.18,217.18,214.80,14.41M,0.05%,
1387,"Jun 30, 2014",215.49,212.54,217.05,212.51,21.49M,1.66%,
1388,"Jun 27, 2014",211.98,210.16,212.78,209.56,11.02M,1.11%,
1389,"Jun 26, 2014",209.66,208.83,210.72,207.84,13.15M,0.06%,
1390,"Jun 25, 2014",209.53,211.55,211.95,209.16,13.07M,-1.39%,
1391,"Jun 24, 2014",212.48,208.83,213.94,208.83,17.41M,1.76%,
1392,"Jun 23, 2014",208.80,222.09,222.09,207.17,32.14M,-6.18%,
1393,"Jun 20, 2014",222.55,223.08,224.24,221.03,6.73M,-0.17%,
1394,"Jun 19, 2014",222.92,221.99,223.35,220.90,8.46M,0.99%,
1395,"Jun 18, 2014",220.73,223.05,223.28,220.27,6.61M,-0.92%,
1396,"Jun 17, 2014",222.79,222.72,224.18,221.66,5.87M,-0.04%,
1397,"Jun 16, 2014",222.89,221.59,223.68,220.63,9.77M,1.08%,
1398,"Jun 13, 2014",220.50,223.32,223.32,220.00,8.10M,-0.45%,
1399,"Jun 12, 2014",221.49,221.43,222.89,219.54,9.82M,0.24%,
1400,"Jun 11, 2014",220.96,224.74,225.21,219.11,16.94M,-1.20%,
1401,"Jun 10, 2014",223.65,224.74,225.37,221.79,8.49M,-0.18%,
1402,"Jun 09, 2014",224.05,224.48,225.97,222.29,12.05M,0.37%,
1403,"Jun 06, 2014",223.22,222.09,224.64,220.80,15.43M,0.89%,
1404,"Jun 05, 2014",221.26,219.47,222.69,216.12,21.19M,0.84%,
1405,"Jun 04, 2014",219.41,220.43,221.29,217.95,15.07M,-0.73%,
1406,"Jun 03, 2014",221.03,220.96,222.42,219.44,10.78M,-0.96%,
1407,"Jun 02, 2014",223.18,226.73,227.46,222.36,10.86M,-1.50%,
1408,"May 30, 2014",226.57,228.59,228.59,222.85,11.05M,-0.22%,
1409,"May 29, 2014",227.06,228.72,230.71,225.67,15.31M,-0.10%,
1410,"May 28, 2014",227.29,228.06,228.19,225.80,6.25M,-0.28%,
1411,"May 27, 2014",227.92,228.72,230.44,226.86,6.85M,-0.25%,
1412,"May 26, 2014",228.49,229.25,230.58,225.50,12.33M,0.45%,
1413,"May 23, 2014",227.46,231.37,231.50,225.87,9.99M,-0.78%,E
1414,"May 22, 2014",229.25,227.39,230.38,225.64,10.53M,1.21%,
1415,"May 21, 2014",226.50,225.11,227.33,224.54,10.66M,0.23%,
1416,"May 20, 2014",225.97,226.73,235.35,221.79,9.24M,0.81%,
1417,"May 19, 2014",224.15,238.66,239.33,223.08,24.23M,-5.28%,
1418,"May 16, 2014",236.64,245.16,256.90,233.69,38.85M,-3.04%,
1419,"May 15, 2014",244.07,242.41,245.09,241.42,9.56M,0.68%,
1420,"May 14, 2014",242.41,239.53,244.63,239.53,10.31M,1.33%,
1421,"May 13, 2014",239.23,238.66,241.88,237.34,11.04M,0.47%,
1422,"May 12, 2014",238.10,228.95,238.66,228.72,11.11M,3.94%,
1423,"May 09, 2014",229.08,227.26,231.50,226.23,7.91M,0.99%,
1424,"May 08, 2014",226.83,230.05,230.61,225.80,8.31M,-1.30%,
1425,"May 07, 2014",229.81,230.71,232.30,229.05,7.04M,-0.38%,
1426,"May 06, 2014",230.68,229.38,232.70,228.92,7.49M,0.95%,
1427,"May 05, 2014",228.52,225.74,229.05,225.74,6.56M,1.31%,
1428,"May 02, 2014",225.57,226.13,227.06,225.41,4.34M,-0.15%,
1429,"Apr 30, 2014",225.90,225.60,228.69,224.48,6.46M,0.13%,
1430,"Apr 29, 2014",225.60,226.07,227.33,224.41,6.43M,-0.50%,
1431,"Apr 28, 2014",226.73,229.02,229.02,225.41,7.29M,-0.42%,
1432,"Apr 25, 2014",227.69,234.49,236.01,227.06,6.86M,-2.76%,
1433,"Apr 23, 2014",234.16,233.36,235.35,231.07,11.32M,0.70%,
1434,"Apr 22, 2014",232.53,233.96,234.72,231.40,4.96M,-0.75%,
1435,"Apr 21, 2014",234.29,233.63,235.81,231.44,6.63M,0.04%,
1436,"Apr 17, 2014",234.19,230.18,234.52,228.06,8.21M,2.08%,
1437,"Apr 16, 2014",229.42,226.03,230.48,226.03,6.54M,1.50%,
1438,"Apr 15, 2014",226.03,227.20,228.02,223.22,6.93M,-0.75%,
1439,"Apr 11, 2014",227.73,227.26,228.59,225.64,11.68M,-0.10%,
1440,"Apr 10, 2014",227.96,230.84,231.84,227.39,10.62M,-1.18%,
1441,"Apr 09, 2014",230.68,229.12,231.70,227.39,9.05M,0.72%,
1442,"Apr 07, 2014",229.02,228.55,229.91,225.84,11.31M,0.21%,
1443,"Apr 04, 2014",228.55,229.98,231.24,226.93,10.31M,-0.34%,
1444,"Apr 03, 2014",229.32,228.45,230.48,225.90,10.36M,0.45%,
1445,"Apr 02, 2014",228.29,233.76,234.02,225.64,25.12M,-2.16%,
1446,"Apr 01, 2014",233.33,234.36,234.42,229.28,9.88M,-0.25%,
1447,"Mar 31, 2014",233.92,238.10,239.33,231.80,12.00M,-1.57%,
1448,"Mar 28, 2014",237.64,239.66,239.66,234.69,9.37M,-0.40%,
1449,"Mar 27, 2014",238.60,238.00,240.45,236.05,25.48M,0.24%,
1450,"Mar 26, 2014",238.03,240.65,241.02,234.52,14.59M,-1.04%,
1451,"Mar 25, 2014",240.52,238.00,241.98,237.80,8.67M,0.59%,
1452,"Mar 24, 2014",239.10,236.05,240.85,235.58,10.54M,1.14%,
1453,"Mar 22, 2014",236.41,236.81,237.14,235.75,182.49K,-0.31%,
1454,"Mar 21, 2014",237.14,236.34,237.80,233.73,10.78M,0.53%,
1455,"Mar 20, 2014",235.88,237.70,237.70,233.56,11.04M,-1.09%,
1456,"Mar 19, 2014",238.47,236.01,238.66,235.71,8.51M,1.07%,
1457,"Mar 18, 2014",235.95,232.03,236.68,230.48,13.24M,2.51%,
1458,"Mar 14, 2014",230.18,226.80,230.81,225.41,6.64M,1.11%,
1459,"Mar 13, 2014",227.66,226.30,229.91,226.27,6.03M,0.70%,
1460,"Mar 12, 2014",226.07,221.63,227.39,221.59,10.33M,2.10%,
1461,"Mar 11, 2014",221.43,222.36,222.95,217.98,9.01M,-0.48%,
1462,"Mar 10, 2014",222.49,222.75,224.08,221.59,9.00M,-0.75%,
1463,"Mar 07, 2014",224.18,220.17,225.01,219.44,20.05M,1.08%,
1464,"Mar 06, 2014",221.79,220.57,222.19,219.01,5.68M,0.38%,
1465,"Mar 05, 2014",220.96,219.94,221.39,218.41,6.07M,0.50%,
1466,"Mar 04, 2014",219.87,219.04,221.43,217.58,9.29M,0.74%,
1467,"Mar 03, 2014",218.25,217.32,219.41,216.16,9.40M,0.47%,
1468,"Feb 28, 2014",217.22,215.43,220.10,215.43,11.91M,-0.33%,
1469,"Feb 26, 2014",217.95,214.00,218.68,213.80,11.93M,2.11%,
1470,"Feb 25, 2014",213.44,211.55,213.74,211.55,5.35M,0.59%,
1471,"Feb 24, 2014",212.18,209.49,212.48,209.49,4.15M,0.77%,
1472,"Feb 21, 2014",210.55,207.84,210.72,207.24,6.88M,1.84%,
1473,"Feb 20, 2014",206.74,209.49,210.12,206.44,6.81M,-1.52%,
1474,"Feb 19, 2014",209.93,210.69,211.38,209.56,3.23M,-0.08%,
1475,"Feb 18, 2014",210.09,212.15,213.17,209.59,5.85M,-1.00%,
1476,"Feb 17, 2014",212.21,212.81,213.64,210.52,4.95M,0.09%,
1477,"Feb 14, 2014",212.01,210.89,212.34,208.63,5.81M,0.91%,
1478,"Feb 13, 2014",210.09,212.61,214.13,209.00,4.14M,-1.14%,
1479,"Feb 12, 2014",212.51,215.79,216.79,211.48,9.12M,-1.40%,
1480,"Feb 11, 2014",215.53,214.86,216.29,213.84,7.58M,0.03%,
1481,"Feb 10, 2014",215.46,213.84,215.69,212.81,6.82M,0.48%,
1482,"Feb 07, 2014",214.43,216.79,216.79,212.28,11.93M,-0.34%,
1483,"Feb 06, 2014",215.16,212.15,215.66,209.83,11.60M,1.75%,
1484,"Feb 05, 2014",211.45,213.80,215.30,210.49,9.12M,-1.83%,
1485,"Feb 04, 2014",215.39,211.15,215.96,209.43,12.88M,1.44%,
1486,"Feb 03, 2014",212.34,213.90,215.30,211.95,6.62M,-1.48%,
1487,"Jan 31, 2014",215.53,215.39,215.92,213.54,9.38M,0.15%,
1488,"Jan 30, 2014",215.20,213.17,215.92,210.82,15.34M,-0.12%,
1489,"Jan 29, 2014",215.46,216.99,217.78,214.93,9.13M,-0.50%,
1490,"Jan 28, 2014",216.55,214.90,217.42,211.42,13.11M,0.75%,
1491,"Jan 27, 2014",214.93,212.48,215.79,211.25,9.24M,-0.01%,
1492,"Jan 24, 2014",214.96,217.38,219.04,214.40,5.13M,-1.43%,
1493,"Jan 23, 2014",218.08,216.36,218.78,215.66,6.29M,0.49%,
1494,"Jan 22, 2014",217.02,217.78,217.95,214.00,11.37M,-0.52%,
1495,"Jan 21, 2014",218.15,218.94,220.33,217.78,6.98M,-0.35%,
1496,"Jan 20, 2014",218.91,215.13,219.11,214.20,8.61M,1.65%,
1497,"Jan 17, 2014",215.36,216.12,217.45,213.80,11.28M,-0.20%,
1498,"Jan 16, 2014",215.79,218.11,219.37,214.57,4.75M,-1.02%,
1499,"Jan 15, 2014",218.01,215.53,218.44,213.04,8.85M,1.35%,
1500,"Jan 14, 2014",215.10,216.12,218.78,214.70,7.57M,-0.31%,
1501,"Jan 13, 2014",215.76,214.53,216.32,213.87,6.36M,0.88%,E
1502,"Jan 10, 2014",213.87,210.62,215.13,208.17,9.19M,2.22%,
1503,"Jan 09, 2014",209.23,209.96,209.96,207.27,7.66M,-0.40%,
1504,"Jan 08, 2014",210.06,210.49,210.82,208.00,7.48M,0.05%,
1505,"Jan 07, 2014",209.96,209.83,210.42,207.34,7.78M,0.33%,
1506,"Jan 06, 2014",209.26,208.83,209.96,207.84,8.16M,0.28%,
1507,"Jan 03, 2014",208.67,208.83,209.49,205.75,12.00M,-0.06%,
1508,"Jan 02, 2014",208.80,213.70,215.46,208.37,6.78M,-2.31%,
1509,"Jan 01, 2014",213.74,213.67,214.40,212.88,1.86M,0.17%,
